time_s,wind_speed_mps,power_W,energy_Wh_cumulative
0.0,5.115414388,8.113513843,0.002253753845
60.0,3.353799323,2.28653439,0.1364758179
120.0,3.043048231,1.708020296,0.2724894511
180.0,0.730615093,0,0.3981697657
240.0,5.378726379,9.43202352,0.5402871352
300.0,6.755874879,18.69008655,0.6456209677
360.0,1.400713016,0,0.767271563
420.0,4.034044233,3.979133292,0.8862361925
480.0,6.469536665,16.41292765,1.014630278
540.0,0.7628946838,0,1.121455957
600.0,6.509906034,16.72209472,1.250734885
660.0,0.3186148955,0,1.380618455
720.0,1.43852699,0,1.53085881
780.0,4.501470076,5.528783984,1.669978837
840.0,5.872612954,12.27610674,1.815291813
900.0,5.060666276,7.855785489,1.973246036
960.0,4.524416063,5.61376368,2.089336086
1020.0,3.074608083,1.761715654,2.20392164
1080.0,2.27340224,0.7121891786,2.33452801
1140.0,5.993554864,13.05028436,2.434682105
1200.0,4.458722385,5.372764651,2.529081761
1260.0,3.851964185,3.464282029,2.625369336
1320.0,7.921741136,30.13203472,2.738095682
1380.0,3.073309401,1.759484207,2.871421717
1440.0,0.6476723326,0,3.006592079
1500.0,3.356112041,2.291267909,3.151311134
1560.0,2.858928645,1.41636918,3.289444057
1620.0,1.45511403,0,3.424259198
1680.0,2.381180126,0.8183578772,3.535130465
1740.0,2.271422876,0.7103305699,3.653234674
1800.0,7.65933739,27.23579901,3.79526357
1860.0,1.582599955,0,3.903572064
1920.0,1.467554551,0,4.027448716
1980.0,3.27030068,2.119969307,4.139250753
2040.0,4.811723309,6.752560084,4.294157587
2100.0,1.24393026,0,4.449023274
2160.0,1.615992936,0,4.543598996
2220.0,4.466995744,5.4027284,4.711753066
2280.0,5.085498343,7.971995981,4.850554972
2340.0,7.625834888,26.87996587,4.980696093
2400.0,4.770507174,6.580519485,5.087548531
2460.0,3.943713091,3.717769461,5.20584386
2520.0,5.582173499,10.54329872,5.312231134
2580.0,7.179410566,22.43018674,5.435847318
2640.0,4.838974888,6.86794209,5.551013427
2700.0,6.967305771,20.50034318,5.670537988
2760.0,2.069192394,0.536993637,5.798623557
2820.0,5.414979005,9.624027403,5.928189158
2880.0,2.358375122,0.7950696478,6.021256469
2940.0,0.7369911921,0,6.162817564
3000.0,7.230316854,22.91070793,6.345351194
3060.0,1.454293641,0,6.490663931
3120.0,4.900868014,7.134861371,6.652745339
3180.0,1.578398031,0,6.805409465
3240.0,1.212559408,0,6.949622147
3300.0,2.986577007,1.614684481,7.08416871
3360.0,7.387631993,24.4389352,7.222894364
3420.0,1.058327868,0,7.366589388
3480.0,1.537985193,0,7.488155091
3540.0,1.814009597,0,7.641872547
3600.0,5.517102228,10.17887106,7.779607419
3660.0,1.964902722,0,7.944595968
3720.0,0.3372681703,0,8.066785897
3780.0,4.523370963,5.609874389,8.22205902
3840.0,4.891099351,7.092281638,8.386731239
3900.0,4.08742534,4.139196257,8.530506327
3960.0,7.392160364,24.48390349,8.69035183
4020.0,5.847653856,12.12024758,8.81980882
4080.0,0.39321381,0,8.953405293
4140.0,0.487366933,0,9.037709687
4200.0,1.303640003,0,9.154340337
4260.0,7.923885206,30.15650763,9.297970298
4320.0,0.7676304347,0,9.42077184
4380.0,6.373061081,15.68955992,9.578470713
4440.0,1.724955504,0,9.725531268
4500.0,5.209000845,8.56702044,9.822322041
4560.0,5.232958637,8.685772006,9.954387293
4620.0,6.575269147,17.23086672,10.10960656
4680.0,2.687905962,1.177087456,10.21987919
4740.0,5.577279973,10.51559516,10.34425687
4800.0,7.667489442,27.32285513,10.46535848
4860.0,0.09630632808,0,10.58071956
4920.0,5.839846292,12.07176489,10.71157053
4980.0,1.732104248,0,10.8425513
5040.0,0.2767582884,0,10.97765328
5100.0,1.606337579,0,11.12998079
5160.0,5.183293572,8.440806435,11.22105541
5220.0,3.708741701,3.092048391,11.35768754
5280.0,1.966639632,0,11.49624939
5340.0,3.529752626,2.665626698,11.60416251
5400.0,4.269339609,4.716812659,11.72124229
5460.0,2.884756072,1.45510324,11.83838877
5520.0,5.354879686,9.307127685,11.96958439
5580.0,0.423032308,0,12.09900596
5640.0,4.581259505,5.828022215,12.19589145
5700.0,1.348004233,0,12.31806752
5760.0,3.343894785,2.266336178,12.41706293
5820.0,1.248480063,0,12.51991534
5880.0,1.547696906,0,12.64188466
5940.0,1.733951891,0,12.75858869
6000.0,1.061242085,0,12.894445
6060.0,2.380779542,0.8179449314,13.03827188
6120.0,5.95877134,12.82438892,13.18012287
6180.0,5.047408811,7.794207508,13.29297045
6240.0,2.11972891,0.577307884,13.40864352
6300.0,6.729472771,18.47181797,13.50583893
6360.0,1.193997776,0,13.63200387
6420.0,7.180758479,22.44282271,13.73727879
6480.0,7.730968953,28.00711064,13.85761734
6540.0,0.4117149386,0,13.94428423
6600.0,5.510355863,10.14157625,14.07236648
6660.0,1.396139831,0,14.20172386
6720.0,3.961032491,3.766966291,14.33593421
6780.0,5.167230162,8.362573337,14.44481001
6840.0,7.030291625,21.06136627,14.61394775
6900.0,2.44438994,0.8852745567,14.74024377
6960.0,5.685107581,11.1373683,14.8856549
7020.0,3.266815008,2.113197779,15.00775963
7080.0,1.94210293,0,15.09609751
7140.0,1.774913863,0,15.26200742
7200.0,0.06528860845,0,15.41224701
7260.0,0.5815332779,0,15.52929763
7320.0,5.352842956,9.296511816,15.65600759
7380.0,1.707077541,0,15.82044186
7440.0,5.110644045,8.090836408,15.9101142
7500.0,2.561350261,1.018529084,16.03262642
7560.0,4.245464356,4.63812145,16.14558204
7620.0,2.685142535,1.173460708,16.26897135
7680.0,0.08504034448,0,16.38221066
7740.0,7.885840008,29.72421571,16.54330436
7800.0,2.841053319,1.389967585,16.66827679
7860.0,4.834451681,6.848700765,16.79217565
7920.0,4.023234423,3.947230926,16.91012005
7980.0,5.722123621,11.35633585,17.02963041
8040.0,6.51231205,16.74064269,17.16220621
8100.0,5.43453205,9.72865903,17.29419163
8160.0,5.864367754,12.22447201,17.44707255
8220.0,7.488006454,25.44867349,17.5918948
8280.0,2.392690047,0.8302824318,17.74475148
8340.0,3.493312368,2.583918338,17.85641762
8400.0,6.516941199,16.77636734,17.96730489
8460.0,2.32970723,0.7664265871,18.09920234
8520.0,3.537275563,2.682706744,18.21264437
8580.0,3.842357551,3.438427304,18.34090567
8640.0,2.749697083,1.260146619,18.4494702
8700.0,1.996198717,0,18.56804846
8760.0,6.172799774,14.25650563,18.71539065
8820.0,2.090231047,0.5535405005,18.8673377
8880.0,6.060120246,13.48994703,19.01770265
8940.0,3.944398869,3.719709265,19.11269741
9000.0,5.558297572,10.40858997,19.27402178
9060.0,7.152136178,22.17552162,19.4267279
9120.0,7.225604518,22.86594117,19.58934983
9180.0,2.483992566,0.9290035952,19.72190305
9240.0,6.721330033,18.40484575,19.85733935
9300.0,7.962624082,30.60096757,20.00096778
9360.0,1.148412306,0,20.10020863
9420.0,6.339039426,15.43962963,20.20272935
9480.0,7.378005141,24.34352022,20.34101043
9540.0,7.913668153,30.04000663,20.50239491
9600.0,6.085923902,13.66300013,20.64964067
9660.0,4.821900603,6.795497872,20.79362915
9720.0,0.6051091294,0,20.94169412
9780.0,1.940648559,0,21.07942823
9840.0,0.806904296,0,21.17869777
9900.0,3.257165448,2.094527067,21.29441422
9960.0,6.649395331,17.82021674,21.42979076
10020.0,3.618548682,2.871903077,21.5715242
10080.0,7.146023232,22.11870981,21.67797509
10140.0,6.495278905,16.60962901,21.79278524
10200.0,0.4739885798,0,21.95086814
10260.0,4.270335813,4.720115279,22.06504013
10320.0,1.044215993,0,22.17820346
10380.0,4.518760795,5.592739305,22.31716904
10440.0,2.269803701,0.7088125835,22.46420385
10500.0,0.9254501485,0,22.56906025
10560.0,4.175802482,4.413532854,22.6945494
10620.0,0.5420936331,0,22.79900961
10680.0,1.69606565,0,22.9188657
10740.0,5.732566199,11.41862355,23.02438791
10800.0,4.023642589,3.948432416,23.19060965
10860.0,6.180742327,14.31160808,23.32798751
10920.0,4.162043067,4.370048218,23.45414348
10980.0,5.449518285,9.80936426,23.57654273
11040.0,6.782344305,18.91063091,23.71264084
11100.0,0.6444145388,0,23.86050729
11160.0,0.4844562542,0,24.00596419
11220.0,7.236126755,22.96598183,24.15154166
11280.0,3.138922623,1.874598865,24.25569975
11340.0,2.785894052,1.310570258,24.36399533
11400.0,7.716691831,27.85223111,24.47895037
11460.0,4.593366627,5.874350448,24.62246817
11520.0,2.986121256,1.613945392,24.76360655
11580.0,6.29507034,15.12057411,24.86991313
11640.0,5.960693401,12.83680283,25.01125223
11700.0,7.077198448,21.48575604,25.13787073
11760.0,7.192965026,22.5574688,25.23454412
11820.0,2.798519122,1.328468789,25.3702128
11880.0,3.390869595,2.363196224,25.50188785
11940.0,6.805971868,19.10895635,25.65384391
12000.0,4.234566399,4.602495377,25.77568816
12060.0,1.12143013,0,25.87576773
12120.0,2.817562259,1.355773321,26.00237212
12180.0,4.49332235,5.498816754,26.13900759
12240.0,0.7283572771,0,26.22558759
12300.0,1.113645845,0,26.31413336
12360.0,1.560153843,0,26.45080451
12420.0,6.590631457,17.35192254,26.60854022
12480.0,7.880217435,29.66068129,26.76878147
12540.0,0.9179567921,0,26.92385323
12600.0,1.474065012,0,27.03522505
12660.0,3.891122525,3.571011413,27.144001
12720.0,3.291810305,2.162075826,27.260387
12780.0,7.438550806,24.94775788,27.39728433
12840.0,0.3933241696,0,27.52229528
12900.0,2.658120886,1.138389033,27.63210384
12960.0,0.6236217302,0,27.77127963
13020.0,1.064898578,0,27.89205657
13080.0,3.821505418,3.382750435,28.0374667
13140.0,5.657689875,10.97700681,28.19698378
13200.0,0.371708484,0,28.34681366
13260.0,2.017454925,0.4977119184,28.47667011
13320.0,1.661129728,0,28.61299026
13380.0,3.405020349,2.392906087,28.73493445
13440.0,5.232316809,8.68257644,28.8629703
13500.0,5.474205532,9.943283387,29.00281675
13560.0,7.836666273,29.17162199,29.12621101
13620.0,3.390375783,2.362163919,29.25722453
13680.0,0.376432838,0,29.40119174
13740.0,3.620955603,2.877637731,29.5301437
13800.0,3.305851002,2.189859977,29.65382244
13860.0,6.91632927,20.05365328,29.7527851
13920.0,0.7626753274,0,29.88805158
13980.0,0.2106837469,0,30.00914862
14040.0,2.528529133,0.9798743847,30.10929776
14100.0,5.820517422,11.9522949,30.23709325
14160.0,3.842704252,3.439358148,30.34311551
14220.0,3.814793182,3.364956953,30.48079711
14280.0,6.670627531,17.99146773,30.59616435
14340.0,4.827446158,6.818970875,30.73598218
14400.0,5.074032224,7.918194811,30.8618396
14460.0,1.383091197,0,30.97682966
14520.0,0.7040540694,0,31.1123737
14580.0,5.087935795,7.983464278,31.2674336
14640.0,0.7639263921,0,31.39640715
14700.0,3.250310695,2.081330987,31.52228158
14760.0,0.5248192719,0,31.66309853
14820.0,5.697859725,11.21248252,31.77810798
14880.0,0.2563671987,0,31.90190521
14940.0,7.696347374,27.63252066,32.02077306
15000.0,7.164697089,22.29256395,32.16217983
15060.0,6.760420182,18.7278356,32.33812409
15120.0,3.404592801,2.392004813,32.46587965
15180.0,1.700288281,0,32.60408595
15240.0,6.446334915,16.23697475,32.7248456
15300.0,1.780272544,0,32.85073801
15360.0,2.390393737,0.8278942117,32.97087779
15420.0,6.871292199,19.6644485,33.10667876
15480.0,4.012254409,3.91500128,33.2426274
15540.0,0.6469421507,0,33.38061987
15600.0,4.177879577,4.420122164,33.53012621
15660.0,4.964098242,7.414598225,33.64953256
15720.0,0.4790077168,0,33.77846866
15780.0,4.26365599,4.697999754,33.90271253
15840.0,3.846613439,3.449865417,34.03519644
15900.0,0.1711272482,0,34.17140503
15960.0,0.9457791667,0,34.3080609
16020.0,6.979749675,20.61038294,34.43967452
16080.0,6.797829008,19.04045087,34.56964075
16140.0,1.721107346,0,34.71015532
16200.0,6.94898995,20.33909244,34.8224438
16260.0,1.764693742,0,34.9433502
16320.0,0.1544749626,0,35.04788601
16380.0,6.301117643,15.16419231,35.15500078
16440.0,5.555861441,10.39491011,35.30159563
16500.0,5.625921997,10.79313573,35.43531283
16560.0,1.496237146,0,35.56693081
16620.0,2.143341127,0.5968159373,35.72562759
16680.0,4.092471157,4.154544368,35.83952802
16740.0,5.388588116,9.483998713,35.96533662
16800.0,4.029300063,3.965111017,36.09138284
16860.0,6.5149759,16.76119428,36.22536779
16920.0,2.273683676,0.7124537079,36.35059534
16980.0,5.905753656,12.4851137,36.44386655
17040.0,4.845424695,6.895441282,36.54324586
17100.0,5.297544563,9.01136074,36.68221948
17160.0,2.832292987,1.377149379,36.77187266
17220.0,7.219491239,22.80795255,36.91294378
17280.0,5.621961853,10.77035958,37.02478422
17340.0,2.480764618,0.9253865797,37.15666706
17400.0,5.766018564,11.61969232,37.29108039
17460.0,4.654967457,6.11387376,37.43029333
17520.0,5.69374313,11.18819766,37.56779032
17580.0,7.254195237,23.13844873,37.71571771
17640.0,0.7191451155,0,37.8146467
17700.0,7.12693282,21.94191432,37.97499024
17760.0,0.06318276912,0,38.08627375
17820.0,4.266847345,4.708557038,38.21838587
17880.0,5.917289104,12.55841656,38.35591003
17940.0,3.989125381,3.847685615,38.50703551
18000.0,1.04489191,0,38.60011389
18060.0,3.113529792,1.829471281,38.73864912
18120.0,5.642716754,10.89008505,38.8742167
18180.0,6.189590288,14.3731589,39.0255928
18240.0,1.356145177,0,39.1119488
18300.0,4.660938283,6.13743035,39.248396
18360.0,0.2445432609,0,39.35130556
18420.0,6.386348443,15.78789939,39.4654136
18480.0,0.09438897738,0,39.59294272
18540.0,1.759104213,0,39.71210097
18600.0,2.124883763,0.5815299051,39.84472727
18660.0,2.467917892,0.91108446,39.98150449
18720.0,4.089577751,4.145738719,40.09954588
18780.0,2.151280032,0.6034723249,40.20886123
18840.0,7.38826324,24.44520039,40.36061083
18900.0,1.52667391,0,40.51286505
18960.0,4.445402804,5.324758025,40.66420391
19020.0,1.555485695,0,40.796314
19080.0,0.7128841742,0,40.91680499
19140.0,7.920387387,30.11658954,41.05070688
19200.0,1.196007083,0,41.17036117
19260.0,1.289651591,0,41.27996918
19320.0,5.149302433,8.275833017,41.42764633
19380.0,2.360550751,0.7972720618,41.56450361
19440.0,7.7254549,27.94722582,41.73541424
19500.0,5.070694269,7.902578124,41.90954977
19560.0,1.796599776,0,42.07287715
19620.0,6.163120476,14.18954572,42.17713858
19680.0,4.242793309,4.629372692,42.27192229
19740.0,0.6994676344,0,42.38646067
19800.0,1.936376272,0,42.49073372
19860.0,3.262322758,2.104492086,42.59675325
19920.0,2.080182903,0.5455958866,42.73731155
19980.0,5.598999019,10.63892369,42.90488682
20040.0,4.312020821,4.859695604,43.02673697
20100.0,4.60389251,5.914826985,43.13365639
20160.0,2.911663241,1.496201033,43.25027033
20220.0,0.3776440571,0,43.38462604
20280.0,6.41217779,15.9802359,43.56585663
20340.0,4.734007503,6.43062738,43.71639378
20400.0,1.202289143,0,43.83797284
20460.0,3.006693031,1.647531748,43.97598844
20520.0,5.563602522,10.43842092,44.0876861
20580.0,7.158146132,22.23147101,44.21292347
20640.0,7.546839624,26.05324854,44.35239124
20700.0,7.179462168,22.43067039,44.52377146
20760.0,0.9645253678,0,44.63096848
20820.0,1.182181542,0,44.73631909
20880.0,5.796634769,11.80577038,44.83675317
20940.0,1.752877833,0,44.97104717
21000.0,7.630661869,26.93104142,45.08857776
21060.0,7.309258807,23.66936128,45.20956712
21120.0,2.984032013,1.610560166,45.32636562
21180.0,4.480818279,5.453037865,45.43358531
21240.0,7.628717204,26.91045664,45.56519128
21300.0,5.187409552,8.460930577,45.67676783
21360.0,7.212878799,22.74533949,45.819803
21420.0,4.197238507,4.481851527,45.95137448
21480.0,2.079907674,0.5453793521,46.07066302
21540.0,5.335023492,9.203977065,46.19476871
21600.0,7.943556144,30.381655,46.33546119
21660.0,3.843026445,3.440223345,46.46389028
21720.0,7.802828479,28.79537248,46.600924
21780.0,7.007623002,20.85829032,46.70813067
21840.0,6.815522937,19.18951819,46.87123465
21900.0,7.206972866,22.68951331,47.00625735
21960.0,3.26872238,2.116901394,47.13031689
22020.0,1.555344052,0,47.2312322
22080.0,4.911780391,7.182627475,47.37128938
22140.0,5.012921617,7.635531295,47.47277726
22200.0,2.508465976,0.956733903,47.58611532
22260.0,4.479208966,5.447164503,47.69214533
22320.0,1.538190202,0,47.82801217
22380.0,7.961609539,30.58927217,47.93264248
22440.0,5.060943435,7.857076279,48.04056497
22500.0,7.804546666,28.81439894,48.17979664
22560.0,4.528358442,5.628451237,48.30800495
22620.0,1.547787505,0,48.42621621
22680.0,3.1430258,1.881959866,48.54506776
22740.0,5.669555564,11.04621692,48.68019361
22800.0,5.019804912,7.667027783,48.82874552
22860.0,0.763585134,0,48.97997521
22920.0,4.609675959,5.937145766,49.08219346
22980.0,6.220221594,14.58760817,49.19899137
23040.0,6.074335415,13.58509962,49.32761668
23100.0,7.702273081,27.69639576,49.44473913
23160.0,7.607570038,26.68728524,49.58261112
23220.0,3.137973608,1.872899093,49.69504883
23280.0,2.494015582,0.9402947412,49.86385266
23340.0,2.045191043,0.5185231679,50.01471774
23400.0,3.047129494,1.714901783,50.15400024
23460.0,0.6050615161,0,50.26369615
23520.0,5.649203213,10.9276836,50.38684634
23580.0,0.4697667929,0,50.48510735
23640.0,5.688425006,11.15687662,50.6219631
23700.0,7.786916296,28.61956567,50.77706731
23760.0,0.7184508765,0,50.87214293
23820.0,4.305988956,4.839330181,50.98849701
23880.0,5.818542595,11.94013325,51.11272954
23940.0,2.815058875,1.352162746,51.23130716
24000.0,7.204072594,22.6621318,51.33474651
24060.0,0.8303071175,0,51.45031881
24120.0,1.101410069,0,51.57967506
24180.0,4.277264181,4.743126901,51.68301061
24240.0,1.47060858,0,51.81361628
24300.0,7.842960081,29.24196367,51.93643485
24360.0,6.459439628,16.33620031,52.04379857
24420.0,2.958772853,1.570006302,52.16270783
24480.0,3.41930705,2.423152932,52.25970249
24540.0,5.200181741,8.523580865,52.37948047
24600.0,3.725710633,3.134684837,52.52064095
24660.0,3.010442404,1.653702899,52.65043047
24720.0,7.609200908,26.70445215,52.79538464
24780.0,7.85809543,29.41158406,52.93401802
24840.0,2.980656611,1.605100967,53.04272613
24900.0,6.676750887,18.04105946,53.17797122
24960.0,5.110130524,8.088397733,53.29175076
25020.0,7.83655143,29.17033952,53.42798978
25080.0,4.285572852,4.770821484,53.54857104
25140.0,0.681090707,0,53.66527492
25200.0,1.840030141,0,53.79712526
25260.0,5.818940799,11.94258486,53.92235975
25320.0,5.084757789,7.968513824,54.06825347
25380.0,4.896865557,7.117394878,54.2110328
25440.0,6.413630703,15.99110108,54.35144767
25500.0,7.57127383,26.30712451,54.47543711
25560.0,3.731101534,3.148311693,54.56837673
25620.0,7.1042608,21.73317655,54.69664967
25680.0,1.778955526,0,54.83058971
25740.0,1.604049035,0,54.96062287
25800.0,3.426668114,2.438836294,55.05571553
25860.0,6.451990837,16.27975053,55.17252775
25920.0,0.5950077201,0,55.28890291
25980.0,5.53866828,10.29870422,55.40994847
26040.0,6.363206315,15.61688936,55.5520997
26100.0,1.263784223,0,55.67762079
26160.0,3.363699037,2.30684233,55.83962048
26220.0,0.2920954517,0,55.95536631
26280.0,1.450587567,0,56.09916961
26340.0,3.541058443,2.691322878,56.22742289
26400.0,6.228229852,14.64402342,56.37084775
26460.0,5.867591181,12.24464112,56.47681274
26520.0,1.251089221,0,56.62395428
26580.0,6.561348272,17.12165693,56.74066095
26640.0,7.369665251,24.2610618,56.86408925
26700.0,6.565410848,17.15348017,56.99874265
26760.0,6.664156939,17.93916265,57.14712055
26820.0,7.778660642,28.52863514,57.28613915
26880.0,7.256744142,23.16284775,57.42121972
26940.0,0.9631561835,0,57.53296965
27000.0,5.697543395,11.21061516,57.6686046
27060.0,7.096438571,21.66146687,57.84741752
27120.0,4.961983291,7.405125307,57.9735251
27180.0,6.052245016,13.43742409,58.12233572
27240.0,3.994808883,3.864155014,58.24277487
27300.0,0.646483199,0,58.37235263
27360.0,2.19729181,0.6430277722,58.50448367
27420.0,7.132391685,21.99237208,58.62072757
27480.0,4.556588129,5.73437173,58.76934432
27540.0,1.155129745,0,58.89347372
27600.0,6.700138688,18.23131088,59.02772467
27660.0,7.127426757,21.94647672,59.15162732
27720.0,4.367844143,5.050890099,59.26800499
27780.0,4.206001293,4.509981134,59.42102249
27840.0,7.357325384,24.1393966,59.58277795
27900.0,3.651062742,2.95001625,59.70919298
27960.0,3.199801981,1.985801473,59.8523578
28020.0,2.219110912,0.6623744114,59.96482587
28080.0,6.989581702,20.69760416,60.08893736
28140.0,3.982783495,3.829363696,60.21514277
28200.0,4.094150404,4.159660618,60.37705709
28260.0,5.745441365,11.4957341,60.51499732
28320.0,3.717329749,3.113578226,60.66119583
28380.0,5.833658,12.0334294,60.81081101
28440.0,0.1577371368,0,60.92898088
28500.0,6.199214425,14.44030928,61.0760706
28560.0,4.723349397,6.387291507,61.18037792
28620.0,2.91315983,1.498509353,61.2521905
28680.0,0.2715985943,0,61.3853316
28740.0,6.14759654,14.08259183,61.53492658
28800.0,3.131082504,1.860587307,61.66383106
28860.0,5.90135275,12.45722317,61.8388862
28920.0,4.589432124,5.859268139,61.99885026
28980.0,1.197017526,0,62.11097064
29040.0,0.3652036152,0,62.23505465
29100.0,6.804129335,19.09344085,62.36155885
29160.0,7.393184772,24.49408386,62.49068712
29220.0,4.941983163,7.315942843,62.60749681
29280.0,6.938667541,20.24858862,62.74619318
29340.0,6.595399155,17.38960721,62.8710122
29400.0,5.488724839,10.02261152,63.0022271
29460.0,2.249479164,0.6899417784,63.11245063
29520.0,5.559293499,10.41418596,63.21184382
29580.0,6.561131407,17.11995928,63.39309932
29640.0,0.5491883333,0,63.53505439
29700.0,4.856816222,6.944188971,63.68261558
29760.0,2.479558593,0.9240376039,63.8120595
29820.0,6.355130895,15.55750752,63.91557591
29880.0,3.886809568,3.559150143,64.04744739
29940.0,6.093505052,13.71412319,64.17342092
30000.0,3.280720791,2.140298426,64.30381797
30060.0,0.8711137559,0,64.43476494
30120.0,7.717113836,27.85680085,64.5574899
30180.0,2.426909706,0.8664178181,64.67361868
30240.0,3.64908639,2.945228234,64.80334209
30300.0,0.02399528662,0,64.92661136
30360.0,4.155714134,4.35014282,65.02381036
30420.0,5.365827399,9.364327971,65.16580148
30480.0,3.004647764,1.644171894,65.29429301
30540.0,6.779907524,18.89025543,65.40504042
30600.0,4.19318904,4.468891859,65.56692186
30660.0,3.264409203,2.108532504,65.7011338
30720.0,0.1170629968,0,65.82920439
30780.0,5.53524756,10.27963435,65.93876369
30840.0,4.785253051,6.641730448,66.08867838
30900.0,7.121967353,21.89608424,66.19811455
30960.0,7.094970093,21.64802232,66.32695931
31020.0,5.264104976,8.841788933,66.43801129
31080.0,6.503990845,16.67655282,66.54174686
31140.0,1.663680169,0,66.67074504
31200.0,3.801692576,3.330408479,66.79431147
31260.0,6.997606017,20.76897102,66.92801214
31320.0,1.699305126,0,67.04784512
31380.0,7.285878431,23.44295107,67.21233904
31440.0,2.896599087,1.473098163,67.3091154
31500.0,3.23169706,2.045777741,67.43689155
31560.0,0.8387872621,0,67.57358808
31620.0,7.030197585,21.06052111,67.68199591
31680.0,0.380847226,0,67.76669695
31740.0,0.4274035686,0,67.92941796
31800.0,1.924903352,0,68.02555678
31860.0,5.566416499,10.45426767,68.12338941
31920.0,6.955359348,20.39507176,68.2246587
31980.0,6.69841407,18.21723626,68.38742058
32040.0,6.252380605,14.81503702,68.53636419
32100.0,3.540666646,2.69042964,68.65237943
32160.0,1.291726145,0,68.78393529
32220.0,3.094671239,1.796429076,68.8814422
32280.0,2.771737898,1.290693133,68.98700402
32340.0,4.014886973,3.922712598,69.12981759
32400.0,1.435710966,0,69.24663764
32460.0,3.516739561,2.636253325,69.37011608
32520.0,4.364587514,5.039600813,69.54727553
32580.0,7.314980224,23.7249873,69.6789919
32640.0,0.9548529751,0,69.81249486
32700.0,3.716991722,3.112728924,69.95584518
32760.0,1.170360985,0,70.06918213
32820.0,3.961415968,3.768060465,70.19773526
32880.0,5.091061621,7.998187493,70.31205388
32940.0,3.069896836,1.753629583,70.43676069
33000.0,3.266316028,2.112229606,70.57961713
33060.0,2.771722566,1.290671714,70.6789154
33120.0,4.331758212,4.926734306,70.79785193
33180.0,4.859751416,6.956786647,70.90586552
33240.0,4.815009827,6.766406001,71.05019185
33300.0,5.664163815,11.01473201,71.16084955
33360.0,2.287602992,0.7256187346,71.28599597
33420.0,0.8388258231,0,71.41339533
33480.0,1.852647118,0,71.50962425
33540.0,4.808209044,6.737775596,71.6254992
33600.0,2.779581921,1.301682165,71.7775695
33660.0,3.190002153,1.967611935,71.92251568
33720.0,5.609993866,10.70172233,72.04754421
33780.0,7.514386129,25.71858333,72.23213547
33840.0,6.527496432,16.8580155,72.3520083
33900.0,3.945460735,3.722714207,72.43386597
33960.0,4.252891323,4.662505689,72.56800775
34020.0,0.08893467082,0,72.7255409
34080.0,1.989372061,0,72.87015979
34140.0,0.3605079099,0,73.01924849
34200.0,2.969276495,1.586786295,73.15622338
34260.0,7.126772088,21.94042979,73.29450809
34320.0,6.146310184,14.07375353,73.44128608
34380.0,0.4851760611,0,73.60236408
34440.0,7.431492452,24.87680733,73.75124668
34500.0,2.151460807,0.6036244694,73.8805692
34560.0,5.224713306,8.644779356,73.99563924
34620.0,0.01271405391,0,74.11642978
34680.0,6.229427974,14.65247624,74.26843497
34740.0,3.943553874,3.717319193,74.3926694
34800.0,6.278560131,15.00191475,74.54359591
34860.0,3.531035796,2.668534859,74.6964466
34920.0,5.516808557,10.17724571,74.83662167
34980.0,2.294017848,0.7317401705,74.94727507
35040.0,2.440615847,0.8811803416,75.08082306
35100.0,7.230303626,22.91058218,75.20260457
35160.0,4.194221626,4.47219411,75.32472723
35220.0,3.110724264,1.824530257,75.46449004
35280.0,5.938796901,12.69585458,75.5979928
35340.0,7.236462403,22.96917781,75.75465448
35400.0,3.838061128,3.426905919,75.87374389
35460.0,4.794973375,6.682286926,75.98138557
35520.0,1.024434233,0,76.10997149
35580.0,3.60997344,2.851533902,76.2381817
35640.0,0.3244545251,0,76.34782869
35700.0,7.942111578,30.36508296,76.45893011
35760.0,7.630182791,26.92596929,76.61096241
35820.0,6.309272085,15.22314168,76.75670776
35880.0,2.272455304,0.7112996087,76.86517889
35940.0,5.042829187,7.773011188,76.99401448
36000.0,6.349182697,15.51386441,77.12069681
36060.0,1.145418688,0,77.23078583
36120.0,0.04992214058,0,77.34901663
36180.0,3.089272835,1.78704429,77.49322663
36240.0,3.722577615,3.126783445,77.59467972
36300.0,4.492186207,5.494646656,77.71969348
36360.0,6.462890208,16.3623943,77.87051716
36420.0,6.862751916,19.59121716,78.03105108
36480.0,7.272911805,23.31800993,78.16549165
36540.0,6.22055374,14.58994513,78.32271032
36600.0,6.562843618,17.1333658,78.44828541
36660.0,0.9787095677,0,78.55626149
36720.0,6.914461226,20.03740869,78.69097283
36780.0,5.188204767,8.464822285,78.82809653
36840.0,7.135013137,22.01663035,78.9672836
36900.0,3.963189763,3.77312438,79.09811814
36960.0,7.120738368,21.88475086,79.2225662
37020.0,2.249488058,0.6899499625,79.35261558
37080.0,7.28227855,23.40821944,79.47065452
37140.0,1.107126916,0,79.56926858
37200.0,2.618833491,1.088654766,79.69709191
37260.0,7.189842219,22.52810176,79.80932342
37320.0,2.510469977,0.9590287251,79.90645535
37380.0,1.822614349,0,80.04985001
37440.0,0.06626073274,0,80.17349381
37500.0,2.706624345,1.201850561,80.31980596
37560.0,4.735300463,6.435897848,80.44339221
37620.0,7.680902318,27.46649519,80.54508688
37680.0,2.620388252,1.09059487,80.6782154
37740.0,2.879031874,1.446458369,80.80069013
37800.0,6.196462517,14.42108712,80.941894
37860.0,5.265956163,8.851120186,81.05361032
37920.0,7.573127179,26.32644816,81.17586725
37980.0,1.901049891,0,81.31152907
38040.0,7.010512532,20.88410314,81.45514072
38100.0,1.791986283,0,81.58771072
38160.0,7.564196382,26.23341961,81.69489366
38220.0,2.759097269,1.273114761,81.80115858
38280.0,6.944413541,20.29893464,81.93639678
38340.0,7.746309834,28.17416871,82.06549589
38400.0,7.26621899,23.25369475,82.18033375
38460.0,4.808589825,6.739376495,82.26960589
38520.0,0.1312931009,0,82.38680899
38580.0,6.036734538,13.33437777,82.49649117
38640.0,4.81097135,6.749394781,82.61430356
38700.0,6.201587496,14.45689896,82.74385542
38760.0,7.684479517,27.50488868,82.90569878
38820.0,2.85011262,1.403306649,83.02009714
38880.0,7.724068455,27.93218191,83.16408384
38940.0,1.497936523,0,83.31546225
39000.0,1.918992836,0,83.44907246
39060.0,3.96606921,3.781354422,83.57330028
39120.0,7.346200165,24.03005651,83.71598064
39180.0,4.037055301,3.988050189,83.83747582
39240.0,2.280590739,0.7189663905,83.97039848
39300.0,7.818072494,28.96447086,84.13376987
39360.0,2.709141856,1.205207312,84.26894873
39420.0,1.107156963,0,84.41148446
39480.0,4.800176078,6.704062034,84.52741338
39540.0,0.5762183577,0,84.67203257
39600.0,1.25589436,0,84.80114467
39660.0,2.587237652,1.049724873,84.94228659
39720.0,6.512826842,16.74461299,85.06231796
39780.0,2.536528551,0.9892038204,85.20358208
39840.0,4.49700234,5.512338265,85.32736307
39900.0,5.003540426,7.592744024,85.44697442
39960.0,1.994852483,0,85.56603227
40020.0,6.93734286,20.23699368,85.682144
40080.0,1.930163016,0,85.79999365
40140.0,3.707848761,3.089815544,85.95554651
40200.0,7.037991766,21.13064641,86.07195646
40260.0,4.95602125,7.378464619,86.20340937
40320.0,1.225830152,0,86.34340249
40380.0,5.808422102,11.87793728,86.4563303
40440.0,7.052283342,21.25963372,86.58870868
40500.0,6.582543219,17.28811637,86.73960017
40560.0,0.8586055284,0,86.85737855
40620.0,5.731166595,11.41026203,86.99331224
40680.0,1.941296274,0,87.08538672
40740.0,5.140668157,8.234272393,87.21894996
40800.0,6.453079041,16.28798922,87.35063988
40860.0,3.010796255,1.654286101,87.48066339
40920.0,2.951206005,1.557991547,87.62335284
40980.0,3.658795743,2.968800503,87.76405603
41040.0,6.848248268,19.46726803,87.9306998
41100.0,3.458262891,2.506920334,88.07028481
41160.0,6.428592466,16.10327481,88.213424
41220.0,3.247420962,2.075784614,88.34391508
41280.0,3.459382206,2.509355321,88.48390196
41340.0,2.726986925,1.229180569,88.64286859
41400.0,4.467457592,5.404404355,88.74293118
41460.0,6.263263007,14.89252941,88.86638447
41520.0,3.635632618,2.912772013,88.96075171
41580.0,5.453257929,9.829572676,89.09903658
41640.0,2.106524945,0.5665866515,89.22330467
41700.0,3.867993745,3.507711034,89.3516822
41760.0,7.580879698,26.40738115,89.47359121
41820.0,4.421746432,5.240201916,89.5962207
41880.0,4.451315481,5.346033129,89.70381195
41940.0,0.6365333998,0,89.85767173
42000.0,1.26270817,0,89.97209226
42060.0,6.521470349,16.81136942,90.14996597
42120.0,0.6259975,0,90.24744109
42180.0,1.024004687,0,90.38586475
42240.0,5.355678059,9.311291177,90.49752748
42300.0,0.8540080638,0,90.64894855
42360.0,0.5270166191,0,90.81398154
42420.0,3.96755992,3.785619871,90.9705393
42480.0,5.57063126,10.47803284,91.07887244
42540.0,7.822302486,29.01151025,91.2014877
42600.0,3.139109068,1.874932926,91.30733769
42660.0,3.316562511,2.211215559,91.44094025
42720.0,2.369325098,0.8061957122,91.55579834
42780.0,3.483955011,2.563209678,91.63975388
42840.0,3.859665314,3.485101737,91.75684986
42900.0,6.86949265,19.64900256,91.89760122
42960.0,6.899577321,19.90829088,92.01484102
43020.0,3.537410582,2.683013954,92.08350874
43080.0,3.14006881,1.876653162,92.21738782
43140.0,5.844927031,12.10330007,92.35022247
43200.0,5.770861264,11.64899397,92.49089969
43260.0,2.077241942,0.5432850673,92.63812843
43320.0,0.2212316338,0,92.77311098
43380.0,2.606449911,1.073284036,92.93805816
43440.0,0.6566193412,0,93.05555219
43500.0,4.002041842,3.885182236,93.21668602
43560.0,0.03471309427,0,93.32789039
43620.0,1.010359626,0,93.47866676
43680.0,1.368469593,0,93.63493441
43740.0,7.343024042,23.99890187,93.75799668
43800.0,3.775871624,3.263008313,93.88357375
43860.0,2.296271766,0.7338991376,94.02155744
43920.0,1.722803422,0,94.1420931
43980.0,6.495979631,16.61500525,94.26209701
44040.0,0.3005264128,0,94.41435955
44100.0,0.03719665912,0,94.51645553
44160.0,1.601119589,0,94.68724143
44220.0,0.5942349803,0,94.80204022
44280.0,4.065438949,4.072760297,94.92512918
44340.0,6.458056404,16.32570787,95.07178339
44400.0,6.370290231,15.66910451,95.22543563
44460.0,2.340409357,0.7770375332,95.34661798
44520.0,2.21564075,0.659271879,95.45933981
44580.0,3.578416784,2.777405467,95.63280062
44640.0,0.8191035577,0,95.74363556
44700.0,1.019204323,0,95.85173699
44760.0,1.611195596,0,95.97715994
44820.0,6.902510604,19.93369308,96.13993216
44880.0,3.164917672,1.921559211,96.27650991
44940.0,3.440933047,2.469421279,96.39447898
45000.0,4.614482094,5.955735674,96.49690738
45060.0,0.7976461829,0,96.59620972
45120.0,3.644095241,2.933159479,96.71988012
45180.0,6.348480079,15.50871457,96.87849076
45240.0,3.471117836,2.534980313,97.01223191
45300.0,1.968196245,0,97.15175215
45360.0,4.742904112,6.466950746,97.28630866
45420.0,0.4431121632,0,97.39243723
45480.0,2.130311581,0.5859976909,97.52459926
45540.0,3.074883073,1.762188394,97.66600254
45600.0,6.968010307,20.50656282,97.81959539
45660.0,0.7307806952,0,97.93458551
45720.0,3.833512692,3.414736807,98.10227248
45780.0,1.680857595,0,98.23858336
45840.0,4.399388516,5.161114213,98.38507899
45900.0,6.261544593,14.88027485,98.53105047
45960.0,3.874380674,3.525115804,98.65071146
46020.0,7.292950354,23.51128095,98.80372636
46080.0,2.36007515,0.7967902582,98.93297939
46140.0,6.04960508,13.4198479,99.08517056
46200.0,4.939574982,7.305253087,99.20244388
46260.0,0.6054258534,0,99.31581074
46320.0,7.282367263,23.40907493,99.44211617
46380.0,0.6305066609,0,99.56553078
46440.0,6.634108014,17.69759019,99.67647601
46500.0,0.1712566459,0,99.81048234
46560.0,3.717943516,3.115120726,99.90606281
46620.0,0.2341311206,0,100.0242884
46680.0,5.969178224,12.89169901,100.1507401
46740.0,7.821327132,29.00065937,100.2900925
46800.0,4.230874524,4.590467914,100.4098278
46860.0,4.228250968,4.581933593,100.5430241
46920.0,3.845989956,3.448188164,100.6579696
46980.0,2.661260122,1.142427105,100.7900489
47040.0,5.283302499,8.938876789,100.9313159
47100.0,7.819865076,28.98439896,101.0545176
47160.0,2.57050399,1.029488184,101.1907946
47220.0,7.358280572,24.14879974,101.3127232
47280.0,1.92825159,0,101.4571893
47340.0,7.217447303,22.78858631,101.5906276
47400.0,7.097592681,21.67203714,101.703711
47460.0,5.09266185,8.005731863,101.7986746
47520.0,1.580772644,0,101.959066
47580.0,1.560762702,0,102.0590115
47640.0,2.212238651,0.6562396197,102.1809195
47700.0,3.230886403,2.044238604,102.2892977
47760.0,4.161451665,4.368185606,102.4121537
47820.0,6.777428965,18.86954563,102.5374607
47880.0,6.901749666,19.92710129,102.6614373
47940.0,3.069352845,1.752697509,102.8011264
48000.0,0.2703511754,0,102.922328
48060.0,3.068869912,1.751870329,103.0180655
48120.0,7.477287607,25.33954292,103.1647389
48180.0,1.160613675,0,103.2804107
48240.0,6.959956253,20.43553675,103.3993464
48300.0,0.8470721829,0,103.5345169
48360.0,7.716087792,27.84569106,103.6981626
48420.0,2.375450315,0.8124644611,103.8226626
48480.0,7.524230121,25.81979133,103.9078839
48540.0,7.077199459,21.48576526,104.0696151
48600.0,6.459565923,16.33715855,104.1761675
48660.0,4.927200406,7.250487368,104.2947561
48720.0,0.9862495823,0,104.4010161
48780.0,5.571578829,10.48338071,104.5330764
48840.0,2.580142861,1.041112784,104.6546314
48900.0,4.845022543,6.893724539,104.7746853
48960.0,1.710423021,0,104.8938272
49020.0,4.156630812,4.353022153,105.0339816
49080.0,7.702542581,27.69930313,105.1747635
49140.0,3.643536252,2.931809883,105.3214582
49200.0,2.340347333,0.7769757572,105.4143101
49260.0,2.69860921,1.191205018,105.5544751
49320.0,4.868987398,6.996526301,105.6714122
49380.0,4.872228042,7.010505602,105.8340283
49440.0,3.42704105,2.439632662,105.9780447
49500.0,4.785083922,6.641026241,106.1120179
49560.0,1.080832813,0,106.2061381
49620.0,2.48590389,0.9311497291,106.3535735
49680.0,6.737031109,18.53412884,106.5071374
49740.0,6.875277928,19.69868775,106.6062891
49800.0,1.522365338,0,106.706899
49860.0,5.531949837,10.26127247,106.8442083
49920.0,3.730755342,3.14743542,106.9817149
49980.0,5.977175569,12.94358433,107.1007446
50040.0,5.100313116,8.041869778,107.2402796
50100.0,5.251610801,8.778981181,107.3872922
50160.0,4.462927423,5.387980218,107.5119924
50220.0,6.448358972,16.25227408,107.6329077
50280.0,4.70304581,6.305276653,107.7533949
50340.0,2.351385937,0.7880218674,107.8925882
50400.0,1.577666225,0,108.0196412
50460.0,1.460407615,0,108.1431713
50520.0,1.43834647,0,108.215343
50580.0,6.255539259,14.8375017,108.3666154
50640.0,0.5957688618,0,108.4958956
50700.0,3.103025012,1.811016254,108.6279323
50760.0,2.426220676,0.8656800672,108.7930921
50820.0,3.838599886,3.428349252,108.9042887
50880.0,5.973790952,12.92160859,109.0556993
50940.0,6.342305048,15.46350359,109.1843992
51000.0,4.498989064,5.519647355,109.3392909
51060.0,2.684741274,1.172934709,109.4769236
51120.0,0.693812833,0,109.6043435
51180.0,6.913467814,20.02877351,109.7630604
51240.0,6.075049954,13.58989433,109.892975
51300.0,7.006565009,20.84884436,110.0146629
51360.0,0.6222947554,0,110.1383952
51420.0,7.389159694,24.45409963,110.255507
51480.0,5.431997312,9.715052653,110.3584224
51540.0,3.535025937,2.677591579,110.4757028
51600.0,3.661541032,2.975488222,110.5857448
51660.0,3.566916116,2.750712542,110.704985
51720.0,6.71366325,18.34193629,110.8322844
51780.0,2.299971712,0.7374524163,110.9997351
51840.0,0.5273563254,0,111.1168227
51900.0,7.128721398,21.95843811,111.2682823
51960.0,6.038583854,13.34663623,111.4164509
52020.0,7.779228865,28.53488755,111.5313356
52080.0,2.688456714,1.17781116,111.6544354
52140.0,0.06103578602,0,111.7866602
52200.0,0.9926621368,0,111.9038776
52260.0,3.928656665,3.675350387,112.0486007
52320.0,5.363477866,9.35203229,112.1857915
52380.0,0.09668946413,0,112.3077376
52440.0,2.811876842,1.347582631,112.4468735
52500.0,7.621697846,26.83624217,112.5883533
52560.0,5.77069402,11.64798121,112.7265381
52620.0,1.510088895,0,112.8505829
52680.0,5.648509857,10.92366046,112.9939685
52740.0,0.2433717647,0,113.1137753
52800.0,7.659977997,27.24263338,113.273005
52860.0,3.730749174,3.14741981,113.3835136
52920.0,6.175377529,14.27437359,113.4998165
52980.0,6.976310225,20.57992907,113.6061127
53040.0,1.534611249,0,113.7192661
53100.0,7.978487445,30.7842245,113.8536594
53160.0,5.511658571,10.14877068,113.9602284
53220.0,4.497739827,5.5150507,114.0984464
53280.0,6.954347165,20.38616903,114.2383282
53340.0,5.388659254,9.48437433,114.3943233
53400.0,5.565655297,10.44997943,114.5434874
53460.0,0.5088187763,0,114.6723468
53520.0,6.750972659,18.64943018,114.8056726
53580.0,1.242773553,0,114.8906481
53640.0,2.324694212,0.7614896806,115.0282506
53700.0,3.987720708,3.843622439,115.1528026
53760.0,6.080779314,13.62838035,115.3130503
53820.0,6.207171914,14.49598867,115.4534134
53880.0,2.411118472,0.8496149984,115.5826133
53940.0,0.2462808122,0,115.6789705
54000.0,0.902495927,0,115.8265907
54060.0,0.5878108087,0,115.9467465
54120.0,2.186386991,0.633501465,116.1244113
54180.0,3.357694424,2.294510386,116.2604956
54240.0,5.69335017,11.18588133,116.424603
54300.0,3.592932796,2.811342783,116.536048
54360.0,7.181457592,22.4493784,116.648539
54420.0,6.60555001,17.4700229,116.8029319
54480.0,2.184539377,0.6318967934,116.9454524
54540.0,5.170727399,8.379564471,117.0317197
54600.0,3.609584146,2.850611488,117.1587222
54660.0,6.535025137,16.91641406,117.2956768
54720.0,6.005240088,13.12676301,117.4241701
54780.0,2.765331827,1.281764608,117.5422925
54840.0,3.175173634,1.940300334,117.7000306
54900.0,6.897965468,19.89434143,117.8315167
54960.0,7.586520836,26.46637638,117.976689
55020.0,4.22936922,4.585569926,118.1416759
55080.0,5.481924644,9.985405441,118.2551153
55140.0,1.368469553,0,118.39122
55200.0,6.062909573,13.5085829,118.5300305
55260.0,5.57135801,10.4821343,118.7083423
55320.0,1.624500786,0,118.8426163
55380.0,7.895505973,29.83365195,118.9889466
55440.0,0.153732207,0,119.1161238
55500.0,3.06493764,1.74514472,119.2985098
55560.0,4.128767908,4.266069542,119.4081209
55620.0,0.08367716742,0,119.5393795
55680.0,6.855837135,19.53205757,119.6677527
55740.0,3.780765547,3.275712362,119.8189086
55800.0,0.1909586848,0,119.9434549
55860.0,7.014124516,20.91639975,120.0938291
55920.0,5.625597464,10.79126803,120.2063613
55980.0,3.447562245,2.483721334,120.3247465
56040.0,0.06278443012,0,120.4640181
56100.0,1.629438193,0,120.6120502
56160.0,5.540773068,10.31044973,120.7426914
56220.0,1.110372161,0,120.9045356
56280.0,3.115196247,1.832410418,121.0242778
56340.0,2.075326283,0.5417833796,121.1263266
56400.0,6.903444613,19.94178612,121.2675947
56460.0,5.404079389,9.566028731,121.3799413
56520.0,5.060213302,7.853676194,121.505979
56580.0,2.161793765,0.6123635035,121.630819
56640.0,3.382801306,2.34636725,121.7390804
56700.0,3.744454327,3.182234153,121.868147
56760.0,7.3886613,24.44915173,122.0139907
56820.0,1.603648525,0,122.1187398
56880.0,2.426174628,0.8656307778,122.2446425
56940.0,3.831403219,3.409102811,122.3511405
57000.0,5.380934592,9.443645119,122.4733247
57060.0,1.939070954,0,122.6402176
57120.0,3.035663417,1.69561547,122.7506435
57180.0,2.889146102,1.461756496,122.8779647
57240.0,5.99121565,13.03501021,123.0130047
57300.0,0.6483963352,0,123.1741792
57360.0,7.723568122,27.92675427,123.3090093
57420.0,7.326195795,23.83428252,123.445412
57480.0,3.034550761,1.693751681,123.5572819
57540.0,6.823497858,19.25695867,123.695462
57600.0,2.011533958,0.4933426082,123.8111326
57660.0,5.171929193,8.385408628,123.9535627
57720.0,6.929850428,20.17149573,124.0797495
57780.0,3.218690139,2.021175513,124.2067209
57840.0,3.278709226,2.136363885,124.3402125
57900.0,4.244613614,4.63533373,124.4993053
57960.0,1.700359253,0,124.5976106
58020.0,5.175930057,8.404883858,124.7463036
58080.0,3.989426234,3.848556237,124.8776171
58140.0,3.976247928,3.810543178,124.9970184
58200.0,6.21834715,14.57442435,125.1536058
58260.0,0.04291486525,0,125.2812411
58320.0,1.313644916,0,125.4096679
58380.0,6.583547329,17.29602903,125.5268661
58440.0,6.259408695,14.86505245,125.6464139
58500.0,2.012730983,0.4942238683,125.7805474
58560.0,7.324248809,23.8152852,125.8951842
58620.0,6.196041551,14.41814816,126.0090557
58680.0,0.9941911662,0,126.1441455
58740.0,3.315272326,2.20863599,126.3019869
58800.0,0.09338111818,0,126.4142345
58860.0,5.998288215,13.08122779,126.5567405
58920.0,2.230762986,0.6728632501,126.6600669
58980.0,1.829750982,0,126.8215727
59040.0,6.762985037,18.74915931,126.9545254
59100.0,4.239445118,4.618421558,127.0507632
59160.0,0.3308584193,0,127.1596865
59220.0,6.197550994,14.42868812,127.2850576
59280.0,6.075904339,13.59562892,127.4164227
59340.0,1.571480487,0,127.5220633
59400.0,5.732758843,11.41977477,127.655613
59460.0,6.295326193,15.12241784,127.7773398
59520.0,4.088713304,4.14311032,127.8886545
59580.0,3.674037923,3.006058469,128.0369443
59640.0,6.475006109,16.45459006,128.1890766
59700.0,0.4710652813,0,128.3218005
59760.0,7.02482791,21.01229979,128.4775993
59820.0,0.5758839868,0,128.5968554
59880.0,5.211160221,8.577679157,128.70369
59940.0,4.844332212,6.890778255,128.8277386
60000.0,7.848941727,29.30892124,128.9986364
60060.0,1.108061995,0,129.1266945
60120.0,1.753095398,0,129.2696096
60180.0,4.90704298,7.161864588,129.4350313
60240.0,0.351809189,0,129.5801735
60300.0,7.870215415,29.54788351,129.7396268
60360.0,1.742694457,0,129.8642114
60420.0,4.318951542,4.883166286,129.9917496
60480.0,6.824185895,19.26278449,130.1429574
60540.0,7.725288871,27.945424,130.2853275
60600.0,0.7958385129,0,130.3635291
60660.0,3.653617413,2.956213017,130.4747701
60720.0,6.392563808,15.83403988,130.5847656
60780.0,5.68914634,11.16112148,130.7107137
60840.0,1.665050834,0,130.863513
60900.0,2.732425513,1.236549524,130.977076
60960.0,7.008042862,20.86203971,131.0994897
61020.0,6.3707176,15.67225834,131.2058938
61080.0,2.689970376,1.179801682,131.3225476
61140.0,2.005485965,0.4889060374,131.4529322
61200.0,7.012539169,20.90222025,131.5772843
61260.0,7.339251696,23.96193386,131.7372562
61320.0,6.626540814,17.63709893,131.8746106
61380.0,2.668410585,1.151660532,131.9916492
61440.0,6.433202901,16.13794634,132.1137886
61500.0,3.269961168,2.119309112,132.2221136
61560.0,1.560831598,0,132.3528368
61620.0,6.728882043,18.46695391,132.485617
61680.0,5.548144698,10.35165661,132.6267257
61740.0,2.659875707,1.140645125,132.7630412
61800.0,7.180498377,22.44038402,132.9196441
61860.0,0.2879001429,0,133.0509701
61920.0,5.76773942,11.63009904,133.187639
61980.0,4.768665522,6.572901209,133.3257021
62040.0,4.419835341,5.233410362,133.4339845
62100.0,3.153624028,1.90106194,133.5833308
62160.0,0.676342398,0,133.7295555
62220.0,4.309140734,4.849964434,133.8904593
62280.0,6.776458722,18.86144281,134.0653419
62340.0,2.637463147,1.112053598,134.2041413
62400.0,6.355584168,15.56083663,134.3134731
62460.0,3.416470348,2.417127096,134.4323285
62520.0,5.850721675,12.1393333,134.5521943
62580.0,5.003321563,7.591747707,134.7114033
62640.0,6.630554409,17.66916592,134.8359806
62700.0,2.696720107,1.188705136,134.9916685
62760.0,2.370065316,0.8069515571,135.10547
62820.0,6.50807733,16.70800642,135.2478951
62880.0,6.253010652,14.81951617,135.3850697
62940.0,6.660782538,17.91192592,135.5150162
63000.0,6.640471442,17.74856557,135.6606676
63060.0,7.843365714,29.24650103,135.7725782
63120.0,6.422904413,16.06056783,135.9102067
63180.0,0.83245638,0,136.0316966
63240.0,3.443837843,2.475680531,136.1524443
63300.0,3.853913584,3.469544293,136.2720946
63360.0,7.549201907,26.07772146,136.4230325
63420.0,6.53616973,16.92530422,136.5561157
63480.0,5.170989687,8.380839707,136.6618363
63540.0,3.022791916,1.674138083,136.7624666
63600.0,0.4325772075,0,136.9133352
63660.0,7.061972288,21.34737831,137.047785
63720.0,3.04015465,1.703152548,137.158286
63780.0,2.88194428,1.450852488,137.2969991
63840.0,6.887042634,19.79998376,137.453864
63900.0,6.072438306,13.57237508,137.5918984
63960.0,3.637871711,2.918157032,137.7246626
64020.0,0.8703539819,0,137.8892463
64080.0,7.511830404,25.69235074,137.9881978
64140.0,3.192535929,1.972304203,138.1428915
64200.0,1.635574043,0,138.2676403
64260.0,3.173668008,1.937541447,138.4232479
64320.0,2.831409334,1.375860802,138.5612412
64380.0,3.416910007,2.418060383,138.7053802
64440.0,6.051936354,13.43536829,138.8411452
64500.0,5.317634169,9.114269971,138.9622723
64560.0,3.97445463,3.805389806,139.0820139
64620.0,7.136697782,22.03222904,139.2060429
64680.0,5.153926961,8.298150332,139.3464278
64740.0,4.516720331,5.585166455,139.4425395
64800.0,2.232081469,0.6740570344,139.5673184
64860.0,2.002985565,0.4870796416,139.6618305
64920.0,1.664420533,0,139.7815188
64980.0,7.285269202,23.43707082,139.9053357
65040.0,1.244052016,0,140.031044
65100.0,1.184838116,0,140.1668538
65160.0,0.5823485846,0,140.3035304
65220.0,5.147164307,8.265528268,140.4538623
65280.0,2.521126372,0.9712932389,140.6115348
65340.0,3.675663741,3.010050917,140.7469103
65400.0,3.825980869,3.394649203,140.8715282
65460.0,5.853875877,12.15897732,140.9849154
65520.0,4.845758409,6.896866089,141.1242221
65580.0,3.712998411,3.102707315,141.2202162
65640.0,1.975193248,0,141.3201983
65700.0,2.833631157,1.379102281,141.4681954
65760.0,3.639469203,2.922003056,141.5848671
65820.0,1.844700587,0,141.7256875
65880.0,7.74043257,28.1100886,141.8771077
65940.0,4.936393519,7.291146759,142.0204884
66000.0,3.037329041,1.69840808,142.140502
66060.0,1.157665336,0,142.2631098
66120.0,2.42974459,0.8694575656,142.3683357
66180.0,7.83907809,29.1985639,142.4809759
66240.0,4.014811677,3.9224919,142.6196911
66300.0,0.2998214487,0,142.7437444
66360.0,7.253262191,23.12952156,142.8760683
66420.0,6.463740904,16.36885639,142.9983024
66480.0,3.369245837,2.318273233,143.1045963
66540.0,7.703696585,27.71175482,143.2376467
66600.0,0.5328650009,0,143.3548527
66660.0,3.37810452,2.336607507,143.4908583
66720.0,6.300699855,15.16117619,143.6275065
66780.0,0.6731022273,0,143.7547497
66840.0,5.734461822,11.4299549,143.8901151
66900.0,4.808897368,6.74066967,144.0276167
66960.0,4.745687142,6.478341411,144.124825
67020.0,0.5712086173,0,144.2513422
67080.0,2.415389683,0.8541381898,144.3891999
67140.0,6.699204679,18.22368753,144.5477008
67200.0,7.37013409,24.26569238,144.6568668
67260.0,3.002404139,1.640491445,144.8114478
67320.0,1.989905642,0,144.9172196
67380.0,0.1807150524,0,145.0377643
67440.0,3.751468321,3.200150254,145.1841351
67500.0,7.95200406,30.47869015,145.2861435
67560.0,3.739892895,3.170618679,145.4112114
67620.0,6.139581957,14.02758545,145.5608329
67680.0,6.047086954,13.40309699,145.679696
67740.0,3.14686312,1.888861338,145.7689402
67800.0,4.730689877,6.417116966,145.9197242
67860.0,1.516286606,0,146.0627358
67920.0,6.321193155,15.30959503,146.1850563
67980.0,6.130432541,13.96496569,146.2936363
68040.0,7.916692287,30.0744583,146.4293374
68100.0,1.435577787,0,146.5623423
68160.0,4.091480346,4.15152758,146.6627093
68220.0,1.458394386,0,146.8042384
68280.0,1.8857392,0,146.9399137
68340.0,4.448759216,5.336828189,147.0650915
68400.0,4.930867819,7.266689463,147.194758
68460.0,5.352043819,9.292348753,147.296364
68520.0,0.2365974315,0,147.4158362
68580.0,4.501759624,5.529850937,147.5449079
68640.0,6.345911965,15.48990122,147.6972659
68700.0,6.755083973,18.68352321,147.8418396
68760.0,6.316225696,15.27353062,147.9662658
68820.0,3.4265973,2.438685099,148.1033002
68880.0,3.64987697,2.947142911,148.2072977
68940.0,5.497108613,10.06860894,148.3224215
69000.0,4.26696014,4.708930462,148.4508437
69060.0,4.742632555,6.465840002,148.6006607
69120.0,4.41823207,5.227717257,148.7110886
69180.0,2.602238312,1.068089681,148.8490091
69240.0,5.573096204,10.49194824,148.9722576
69300.0,7.092301438,21.62360388,149.111204
69360.0,3.089936243,1.788195817,149.2158486
69420.0,2.695262489,1.186778639,149.3496901
69480.0,2.457186607,0.8992510175,149.4775418
69540.0,4.834206943,6.847660699,149.6413343
69600.0,4.288899995,4.781941724,149.7801969
69660.0,6.744385496,18.5948927,149.9154124
69720.0,5.994858309,13.05880052,150.0475987
69780.0,0.7442200094,0,150.1817025
69840.0,1.63314356,0,150.3039265
69900.0,4.248662159,4.648610036,150.4157602
69960.0,0.3416286538,0,150.5155998
70020.0,1.303451197,0,150.6121435
70080.0,1.409658939,0,150.7236651
70140.0,7.045761214,21.20070393,150.8479102
70200.0,5.454374855,9.835613735,150.9922329
70260.0,5.095757321,8.020339103,151.1127104
70320.0,5.185567856,8.451922076,151.2593556
70380.0,4.690319578,6.25422964,151.4198459
70440.0,0.6933937467,0,151.5514946
70500.0,5.253587898,8.788900099,151.6684103
70560.0,1.336588077,0,151.7923925
70620.0,6.694471438,18.18508764,151.9454934
70680.0,6.064010426,13.51594256,152.0852459
70740.0,0.7572772864,0,152.2372997
70800.0,3.033021246,1.69119185,152.3878703
70860.0,7.052086151,21.25785043,152.5607823
70920.0,6.969252868,20.51753519,152.6954359
70980.0,5.505744812,10.11613821,152.8553769
71040.0,7.864908632,29.48815255,152.9646515
71100.0,1.213965372,0,153.0725606
71160.0,2.834850533,1.380883424,153.2070381
71220.0,1.371239314,0,153.3610157
71280.0,2.227044251,0.6695038198,153.4958603
71340.0,4.537420638,5.662310044,153.5802829
71400.0,1.04501762,0,153.6990943
71460.0,4.779852996,6.619270662,153.8065626
71520.0,0.5412640279,0,153.9296287
71580.0,2.7972362,1.326642601,154.0628239
71640.0,2.386232855,0.8235784662,154.1999066
71700.0,1.937656249,0,154.3085956
71760.0,7.044079893,21.18553026,154.4444056
71820.0,5.808668316,11.87944782,154.5696831
71880.0,0.928703677,0,154.6681015
71940.0,7.271198386,23.3015334,154.7930504
72000.0,2.956961651,1.567124846,154.9358873
72060.0,7.982465496,30.83029423,155.0585492
72120.0,4.932144741,7.27233638,155.1825462
72180.0,6.319061119,15.29410922,155.3301801
72240.0,3.714173455,3.105653967,155.4756868
72300.0,2.167567007,0.6172827136,155.6056974
72360.0,4.409271969,5.195976543,155.7339392
72420.0,0.07605251311,0,155.8568891
72480.0,4.362580287,5.032651033,155.9614772
72540.0,6.163130778,14.18961687,156.0842035
72600.0,4.834998958,6.851026918,156.2650753
72660.0,6.740040908,18.55898056,156.4052918
72720.0,3.480309725,2.555172382,156.5421161
72780.0,3.173355489,1.936969121,156.6613872
72840.0,6.384127212,15.77143159,156.7986333
72900.0,4.579564938,5.821557409,156.9348072
72960.0,7.937936638,30.31722196,157.0673343
73020.0,1.547729405,0,157.2066171
73080.0,3.217648347,2.019213569,157.3177016
73140.0,0.3741507075,0,157.4837894
73200.0,3.555472268,2.724321804,157.5631281
73260.0,2.249450701,0.6899155894,157.6945853
73320.0,4.612482721,5.947997486,157.8305768
73380.0,3.027531401,1.682025162,157.9459958
73440.0,0.8006661929,0,158.0785635
73500.0,1.888256397,0,158.2191439
73560.0,3.935972039,3.695919755,158.3497269
73620.0,7.454017745,25.1037029,158.482314
73680.0,0.9996107633,0,158.5958931
73740.0,1.744264871,0,158.7090754
73800.0,6.149720658,14.09719433,158.8386602
73860.0,4.48246819,5.459063779,158.9343489
73920.0,2.53460679,0.9869571583,159.0372403
73980.0,0.1839132607,0,159.1342169
74040.0,1.846814234,0,159.2428578
74100.0,1.314379634,0,159.3550748
74160.0,2.667845356,1.150928845,159.4775356
74220.0,4.269992148,4.718975784,159.5978222
74280.0,5.450999741,9.817366489,159.7500716
74340.0,0.5413906945,0,159.8737532
74400.0,6.144288145,14.05986797,160.0008741
74460.0,0.9647350997,0,160.1403641
74520.0,2.250133894,0.6905443941,160.2326057
74580.0,5.031243385,7.719559155,160.3342485
74640.0,7.598774389,26.59482705,160.4751143
74700.0,0.2700215895,0,160.5817263
74760.0,0.8641658111,0,160.7014637
74820.0,7.675600422,27.40965655,160.8235218
74880.0,6.611032444,17.513558,160.9824175
74940.0,2.743455071,1.251584212,161.1130993
75000.0,7.207658405,22.69598872,161.2636019
75060.0,1.40048592,0,161.3740339
75120.0,3.250924781,2.082510897,161.5411431
75180.0,5.276260215,8.903179664,161.68906
75240.0,6.400138957,15.89039634,161.8146514
75300.0,3.141160179,1.878610603,161.9348064
75360.0,2.831114878,1.375431593,162.0395737
75420.0,1.658544417,0,162.1646728
75480.0,4.830493521,6.831892614,162.2869697
75540.0,0.5628288275,0,162.4077077
75600.0,3.726912223,3.137718747,162.5595198
75660.0,2.937467842,1.53633485,162.6796037
75720.0,7.893544701,29.81142512,162.7835084
75780.0,3.143293178,1.882440203,162.9058694
75840.0,2.667058619,1.149910932,163.0372725
75900.0,2.548625749,1.003424542,163.139501
75960.0,5.409102775,9.592729969,163.2705429
76020.0,7.445324552,25.01597427,163.4025351
76080.0,5.536974837,10.28926065,163.566852
76140.0,7.502625958,25.59802185,163.6976849
76200.0,1.322416673,0,163.80342
76260.0,7.649734005,27.13348152,163.9438937
76320.0,7.665574501,27.30238875,164.0623635
76380.0,0.05834480521,0,164.169598
76440.0,1.250426124,0,164.3330038
76500.0,7.006468157,20.84797979,164.4682246
76560.0,5.231795547,8.679981735,164.5986373
76620.0,5.536120725,10.28449984,164.7232614
76680.0,7.400766131,24.56951371,164.8731885
76740.0,4.294829154,4.801801434,164.9946414
76800.0,7.248252123,23.08162569,165.1326434
76860.0,3.242514081,2.066389241,165.2330519
76920.0,2.618219431,1.087889148,165.3419269
76980.0,1.728412635,0,165.4718333
77040.0,5.565747053,10.45049627,165.5880013
77100.0,1.345188849,0,165.7340948
77160.0,1.770259081,0,165.8912341
77220.0,5.286038646,8.952771936,166.001573
77280.0,7.577717853,26.37435284,166.1157122
77340.0,7.968006426,30.66306379,166.2416209
77400.0,6.13334804,13.98489946,166.3717199
77460.0,6.395890765,15.85877484,166.4999793
77520.0,6.565949394,17.1577017,166.633922
77580.0,4.673883244,6.188709503,166.7482427
77640.0,2.731719896,1.235591799,166.8897004
77700.0,6.272554064,14.95890346,166.9818569
77760.0,0.2050687207,0,167.0870175
77820.0,0.5990347023,0,167.2180484
77880.0,6.408427022,15.95220965,167.3630186
77940.0,1.868911911,0,167.4955103
78000.0,2.193811065,0.6399767366,167.655405
78060.0,4.016104893,3.926283555,167.799228
78120.0,7.0376807,21.12784472,167.9425479
78180.0,5.70831676,11.27432924,168.0555999
78240.0,3.321319988,2.220744918,168.1924109
78300.0,2.952351052,1.55980572,168.3425313
78360.0,0.5606142353,0,168.4524033
78420.0,2.652352254,1.130993538,168.5745995
78480.0,0.8650905303,0,168.7167779
78540.0,1.143961867,0,168.8299128
78600.0,1.255955212,0,168.9532785
78660.0,2.237208373,0.6787124683,169.0671406
78720.0,3.184686393,1.957791941,169.1735484
78780.0,1.547138824,0,169.309219
78840.0,2.44396133,0.8848089549,169.4414595
78900.0,7.141628613,22.0779276,169.558174
78960.0,6.144302282,14.05996503,169.6956455
79020.0,7.134544528,22.01229264,169.8398771
79080.0,3.138359993,1.873591019,169.9539233
79140.0,3.07276175,1.758543776,170.0739346
79200.0,2.58625863,1.048533664,170.1997213
79260.0,0.3675681361,0,170.2932066
79320.0,2.714779594,1.212747108,170.3656808
79380.0,4.608525296,5.932700803,170.4998228
79440.0,6.18132005,14.31562164,170.6441842
79500.0,2.414712005,0.8534194635,170.7915943
79560.0,5.185389791,8.451051427,170.9318278
79620.0,5.029846702,7.713132047,171.0565925
79680.0,0.3951662187,0,171.2160512
79740.0,6.031727578,13.30122607,171.3108093
79800.0,6.667863237,17.96911012,171.4463551
79860.0,5.564206629,10.44182156,171.5917078
79920.0,1.370576672,0,171.7299899
79980.0,3.460694517,2.512212163,171.8464775
80040.0,2.240729781,0.6819224347,171.963705
80100.0,4.004652187,3.892789564,172.0759109
80160.0,1.896971232,0,172.21153
80220.0,0.8527473954,0,172.3720297
80280.0,7.151278026,22.16754036,172.4827533
80340.0,5.998911205,13.08530411,172.58477
80400.0,4.643947573,6.07055564,172.7225788
80460.0,7.267201581,23.26312962,172.8580512
80520.0,7.204619157,22.66729022,172.9716788
80580.0,4.039928391,3.996570892,173.1097567
80640.0,4.825160012,6.80928763,173.257048
80700.0,6.035266222,13.32465017,173.3821081
80760.0,0.9238720902,0,173.4882076
80820.0,3.724335098,3.131214136,173.6290155
80880.0,7.273105743,23.31987536,173.8095937
80940.0,0.3344799171,0,173.8960921
81000.0,4.568915095,5.781037443,174.0203476
81060.0,2.959586892,1.571302513,174.1459894
81120.0,7.01880686,20.95831653,174.2866653
81180.0,3.119066142,1.839247916,174.4099693
81240.0,1.303507126,0,174.5470934
81300.0,1.560295448,0,174.6675972
81360.0,4.59399597,5.876765333,174.8046107
81420.0,7.621501337,26.83416649,174.9462937
81480.0,4.058767231,4.052741986,175.0569299
81540.0,0.08980621252,0,175.1973442
81600.0,4.483908793,5.464328872,175.3408691
81660.0,3.722553013,3.126721453,175.4662369
81720.0,1.538280973,0,175.5769001
81780.0,5.025618785,7.693698209,175.6788141
81840.0,7.436779622,24.92994128,175.7886172
81900.0,1.460270891,0,175.9164361
81960.0,2.850692258,1.40416301,176.0254159
82020.0,1.608995681,0,176.1475472
82080.0,1.132936044,0,176.2828804
82140.0,4.085175166,4.132363996,176.422517
82200.0,6.388680051,15.80519784,176.5590514
82260.0,7.726328571,27.95670853,176.6931524
82320.0,7.413912493,24.70067871,176.8341869
82380.0,4.121969339,4.245030261,176.9462608
82440.0,2.669201017,1.152684264,177.0575218
82500.0,5.092107074,8.003115803,177.1695106
82560.0,5.947526561,12.75192325,177.3092454
82620.0,3.486919722,2.569758824,177.4552621
82680.0,6.756294094,18.69356603,177.6068192
82740.0,1.108045329,0,177.7175865
82800.0,1.101920046,0,177.8422415
82860.0,2.083840351,0.5484788046,177.9951982
82920.0,0.1936209909,0,178.1162804
82980.0,4.025494445,3.953886648,178.2139551
83040.0,0.1814849045,0,178.3486147
83100.0,4.319316025,4.884402686,178.5021294
83160.0,3.792060218,3.305157772,178.6173736
83220.0,3.862690279,3.493302376,178.7604195
83280.0,1.783533299,0,178.9086114
83340.0,2.384271164,0.8215489759,179.0702905
83400.0,0.6093317142,0,179.1843328
83460.0,5.992006619,13.04017359,179.311587
83520.0,4.500674507,5.525853109,179.4185559
83580.0,7.550902594,26.09534983,179.5450135
83640.0,4.05039611,4.027717586,179.6524553
83700.0,3.608355988,2.847702722,179.7649813
83760.0,6.253872607,14.82564547,179.8699342
83820.0,2.283739339,0.7219483341,179.9906027
83880.0,1.152986236,0,180.1064539
83940.0,1.36362638,0,180.2318553
84000.0,4.532245209,5.642956667,180.3701649
84060.0,0.931402359,0,180.5003587
84120.0,7.742547297,28.13313438,180.616351
84180.0,6.288618032,15.07412699,180.7239098
84240.0,4.52329608,5.609595785,180.8521058
84300.0,3.213805475,2.0119875,180.9960041
84360.0,6.808715628,19.13207643,181.1117832
84420.0,2.556396871,1.01263131,181.252102
84480.0,0.08446841632,0,181.369542
84540.0,0.7399018131,0,181.4757871
84600.0,3.713319533,3.103512406,181.5897235
84660.0,2.778513684,1.300181971,181.7049197
84720.0,0.4593166159,0,181.8541617
84780.0,1.390974057,0,182.0233511
84840.0,6.218722545,14.57706404,182.1396076
84900.0,0.6609050554,0,182.2605678
84960.0,1.993438015,0,182.3751148
85020.0,7.437344775,24.93562531,182.5305251
85080.0,3.017381243,1.665164251,182.6717503
85140.0,7.650930079,27.14621088,182.8090372
85200.0,0.3281828243,0,182.9508827
85260.0,0.450313721,0,183.0681247
85320.0,4.94743813,7.340195636,183.1880053
85380.0,0.4369200114,0,183.3122622
85440.0,7.635047903,26.97750726,183.4723887
85500.0,6.992234759,20.72118186,183.6123951
85560.0,0.8223748271,0,183.7493473
85620.0,0.4377518113,0,183.8612772
85680.0,5.735111639,11.43384099,183.9831716
85740.0,5.312841269,9.089647505,184.1128482
85800.0,1.876512944,0,184.2356985
85860.0,1.513682177,0,184.366706
85920.0,6.205657318,14.48537987,184.482656
85980.0,7.211219216,22.72964294,184.5950085
86040.0,3.203773706,1.993205228,184.7347637
86100.0,2.266482824,0.7057060098,184.8650435
86160.0,5.815691302,11.92258857,184.9692128
86220.0,7.34928817,24.06037265,185.067289
86280.0,6.220855761,14.59207035,185.1685369
86340.0,7.509401788,25.66743937,185.3139763
