time_s,flow_Lpm,power_W,energy_Wh_cumulative
0.0,0.07503226567,0.01472133052,4.089258479e-06
60.0,1.751016868,0.3435495095,0.005083683838
120.0,0.01768825075,0.003470434798,0.009738632724
180.0,2.885733307,0.5661808748,0.01467827438
240.0,1.753680275,0.3440720699,0.02023213624
300.0,0.7299494245,0.1432160771,0.02410163647
360.0,2.33742778,0.4586033305,0.02902717159
420.0,2.293212344,0.4499282619,0.03409881608
480.0,1.360296901,0.2668902519,0.038933475
540.0,1.584477557,0.3108744967,0.04436925004
600.0,2.117965083,0.4155447493,0.04910910441
660.0,0.1814065788,0.03559197075,0.05330035083
720.0,0.956632702,0.1876913361,0.05733360889
780.0,0.3029713285,0.05944297465,0.0626065894
840.0,1.769078504,0.3470932026,0.06743937247
900.0,0.602667247,0.1182433139,0.07163396532
960.0,1.093480307,0.2145408362,0.07675418929
1020.0,2.953344302,0.579446152,0.08130084926
1080.0,1.879442054,0.368746531,0.08637598445
1140.0,1.245553801,0.2443776557,0.09156899045
1200.0,2.845804692,0.5583468807,0.09654391566
1260.0,1.881601463,0.3691702071,0.1016222312
1320.0,0.2539903329,0.04983290331,0.1064248203
1380.0,0.5730094827,0.1124244605,0.1115603346
1440.0,2.642541744,0.5184666901,0.1164775679
1500.0,2.736313864,0.53686478,0.1213081282
1560.0,1.053807781,0.2067570867,0.1262906443
1620.0,2.629170039,0.5158431616,0.1318903444
1680.0,1.761625165,0.3456308573,0.1374573541
1740.0,0.2784587036,0.05463359764,0.1426435135
1800.0,0.9549118254,0.1873537002,0.1471525823
1860.0,0.5224398274,0.1025026941,0.1525952564
1920.0,1.705845798,0.3346869455,0.1577394177
1980.0,0.1164806931,0.02285351198,0.1623396375
2040.0,0.4376120958,0.08585949319,0.1677735861
2100.0,0.3791050794,0.07438041657,0.1727216602
2160.0,2.162308398,0.4242449078,0.17797499
2220.0,2.872847314,0.563652643,0.1826617767
2280.0,0.2507738503,0.04920182942,0.1877237652
2340.0,1.045660139,0.2051585193,0.1927433559
2400.0,2.201646812,0.4319631046,0.1974578245
2460.0,2.003098978,0.3930080195,0.2021092097
2520.0,1.510336208,0.296327964,0.2072730822
2580.0,2.695061676,0.5287711009,0.212784011
2640.0,0.4555426708,0.08937747202,0.2176462161
2700.0,0.3949446175,0.07748813396,0.2224447589
2760.0,1.902351538,0.3732413718,0.2271382571
2820.0,2.601188142,0.5103531135,0.2324227758
2880.0,1.12042556,0.2198274949,0.2374171461
2940.0,2.964574525,0.5816495218,0.2419328485
3000.0,1.26548798,0.2482887416,0.2471833099
3060.0,0.6551215718,0.1285348524,0.2525285621
3120.0,1.035438761,0.2031530848,0.2577789375
3180.0,2.963788737,0.5814953501,0.2629241615
3240.0,1.568341751,0.3077086515,0.267576304
3300.0,2.8107842,0.55147586,0.2724894098
3360.0,1.815614453,0.3562235557,0.2767499174
3420.0,2.585064872,0.5071897278,0.2816444717
3480.0,0.5098031736,0.1000233827,0.2870203237
3540.0,1.97107715,0.3867253369,0.2922440517
3600.0,1.661617162,0.3260092871,0.2973452104
3660.0,1.036056488,0.203274283,0.3018550527
3720.0,0.5788157182,0.1135636439,0.3063022858
3780.0,2.797455503,0.5488607697,0.3118361595
3840.0,0.5570666635,0.1092964794,0.3168983115
3900.0,2.326554109,0.4564699162,0.3217767902
3960.0,0.6360378306,0.1247906224,0.3266848575
4020.0,1.612505447,0.3163735687,0.3315876458
4080.0,1.782352179,0.3496974975,0.3369915453
4140.0,2.979623012,0.5846020349,0.3430681752
4200.0,1.679970025,0.3296101189,0.3483972735
4260.0,1.010432211,0.1982467998,0.3530893199
4320.0,1.611807217,0.316236576,0.3574424612
4380.0,2.625936242,0.5152086906,0.3625603571
4440.0,0.4949210605,0.09710351207,0.3669132807
4500.0,2.132266865,0.4183507589,0.3718216679
4560.0,1.718113856,0.3370939385,0.3769964955
4620.0,0.4520258837,0.08868747838,0.382368305
4680.0,0.1566763117,0.03073989235,0.3871784644
4740.0,2.361053389,0.463238675,0.3922775537
4800.0,1.750177168,0.3433847604,0.3970004366
4860.0,1.089056504,0.2136728861,0.4017882637
4920.0,2.616885167,0.5134328697,0.4070116545
4980.0,1.46002794,0.2864574819,0.4121445288
5040.0,0.6755116621,0.1325353881,0.416490522
5100.0,1.857560862,0.3644534411,0.4211914949
5160.0,1.683103288,0.3302248651,0.4260962135
5220.0,2.3263885,0.4564374236,0.4310018647
5280.0,2.486623827,0.4878755948,0.4355883799
5340.0,2.038172224,0.3998893903,0.4404793545
5400.0,1.952749552,0.3831294621,0.4456422423
5460.0,1.64590858,0.3229272634,0.4510815812
5520.0,1.987639154,0.389974802,0.4560043068
5580.0,1.926944454,0.3780665019,0.4604504371
5640.0,1.516881328,0.2976121166,0.4657186344
5700.0,1.504506597,0.2951841943,0.4702332696
5760.0,2.014273291,0.3952004198,0.4752204076
5820.0,0.168300858,0.03302062834,0.4800821263
5880.0,2.025407045,0.3973848623,0.485070406
5940.0,2.780510841,0.5455362269,0.4899753288
6000.0,2.091605782,0.4103730544,0.495065045
6060.0,0.2064222143,0.04050003844,0.4994215457
6120.0,2.259883413,0.4433891256,0.5039294734
6180.0,0.4463888547,0.08758149329,0.5091428889
6240.0,1.487385794,0.2918250927,0.5139625747
6300.0,2.934224742,0.5756948943,0.5191035219
6360.0,2.672756713,0.5243948671,0.5245952639
6420.0,1.460630657,0.2865757349,0.5296221589
6480.0,2.061448336,0.4044561635,0.535391128
6540.0,1.783054474,0.3498352877,0.5405727135
6600.0,0.6485021576,0.1272361233,0.5454800901
6660.0,1.406429609,0.2759414892,0.5509663585
6720.0,1.671628531,0.3279735177,0.5562665852
6780.0,0.1364198405,0.0267655727,0.5609782098
6840.0,0.06297378415,0.01235545645,0.5652927427
6900.0,0.7461877139,0.1464020295,0.5699834738
6960.0,1.703075336,0.3341433809,0.5749242816
7020.0,2.533927528,0.497156581,0.5795000985
7080.0,2.480258381,0.4866266943,0.5839175034
7140.0,1.913180321,0.3753659789,0.5888099309
7200.0,1.661064503,0.3259008556,0.5936153515
7260.0,1.617044815,0.3172641927,0.5986087822
7320.0,2.911464914,0.5712294161,0.603840256
7380.0,2.408366641,0.4725215349,0.6087342581
7440.0,0.1272154701,0.02495967523,0.6140577398
7500.0,2.71990981,0.5336463047,0.6192579504
7560.0,1.519764999,0.2981778928,0.6239197361
7620.0,2.033486872,0.3989701243,0.6289461905
7680.0,0.7629156303,0.1496840467,0.6334637184
7740.0,1.472457204,0.2888961033,0.6388272571
7800.0,2.648431001,0.5196221624,0.6440791772
7860.0,1.480742073,0.2905215948,0.6482029878
7920.0,2.087002339,0.4094698589,0.6532305411
7980.0,0.03710956262,0.007280896186,0.6582175327
8040.0,1.597641373,0.3134572374,0.6636445916
8100.0,2.264288065,0.4442533184,0.6689892837
8160.0,2.627539742,0.5155232973,0.6735525229
8220.0,2.695114259,0.5287814176,0.6782262808
8280.0,0.827621858,0.1623794085,0.6835295289
8340.0,1.417649246,0.278142782,0.6886086456
8400.0,1.463524869,0.2871435792,0.6937090886
8460.0,2.787260581,0.5468605259,0.6988893018
8520.0,0.7595581734,0.1490253136,0.7029646449
8580.0,2.254541128,0.4423409693,0.7075758343
8640.0,0.133383097,0.02616976363,0.7120713825
8700.0,1.107460798,0.2172838086,0.7164109385
8760.0,0.7407076111,0.1453268333,0.7212696202
8820.0,0.01080054159,0.00211906626,0.7259697096
8880.0,2.212131981,0.4340202947,0.7311430727
8940.0,0.3697722055,0.07254930673,0.7359952031
9000.0,1.089694822,0.2137981241,0.7407681136
9060.0,0.05324375081,0.01044642391,0.7456439511
9120.0,2.361048523,0.4632377202,0.7511525914
9180.0,2.80665142,0.5506650085,0.7565382873
9240.0,2.871723907,0.5634322305,0.7613300742
9300.0,1.1090773,0.2176009662,0.7663102506
9360.0,2.588472291,0.5078582634,0.7706262116
9420.0,2.305300787,0.4523000145,0.7758100368
9480.0,1.908772584,0.374501181,0.7809591343
9540.0,1.770847931,0.3474403642,0.7861359942
9600.0,1.633243723,0.3204424184,0.7913828894
9660.0,1.15431536,0.2264766735,0.7966025467
9720.0,1.497648344,0.293838605,0.801736501
9780.0,0.7884139822,0.1546868233,0.8071157928
9840.0,1.833439073,0.3597207462,0.8122598627
9900.0,0.5284310761,0.1036781771,0.8175219118
9960.0,2.981695678,0.585008692,0.8229669237
10020.0,1.689555657,0.3314908199,0.8278659463
10080.0,2.345776868,0.4602414214,0.8325343638
10140.0,0.07252776804,0.01422994809,0.8370618628
10200.0,1.283676021,0.2518572353,0.8419004226
10260.0,1.777360399,0.3487181102,0.8469531881
10320.0,0.8009369222,0.1571438241,0.8516498456
10380.0,0.2361597192,0.04633453691,0.8566454191
10440.0,2.134815941,0.4188508877,0.8610691177
10500.0,1.142339275,0.2241269658,0.866261807
10560.0,0.7891758292,0.1548362977,0.8711005197
10620.0,1.735308721,0.3404675712,0.8756862103
10680.0,0.5874769199,0.1152629717,0.8804611851
10740.0,1.464993254,0.2874316765,0.8857397498
10800.0,0.8939310773,0.1753892774,0.8903325629
10860.0,0.07722086038,0.01515073281,0.8948599727
10920.0,2.419918518,0.4747880132,0.9002377356
10980.0,2.233740304,0.4382598476,0.9053275782
11040.0,2.705230367,0.530766198,0.9100184406
11100.0,1.920586211,0.3768190146,0.9155951114
11160.0,0.1813876677,0.03558826041,0.920116542
11220.0,1.217452192,0.23886412,0.925075855
11280.0,1.906528967,0.3740609834,0.9296384944
11340.0,1.338718562,0.262656582,0.9345730376
11400.0,2.644575419,0.5188656973,0.9396478066
11460.0,0.07816142502,0.01533527159,0.9438762681
11520.0,0.3582922146,0.0702969325,0.9485463502
11580.0,0.919904351,0.1804852337,0.9529479791
11640.0,1.640353969,0.3218374487,0.9578352943
11700.0,2.251262723,0.4416977462,0.9633495753
11760.0,0.6037373443,0.118453267,0.967911744
11820.0,2.462677321,0.4831772904,0.9726834819
11880.0,2.321941882,0.4555649973,0.9771570769
11940.0,1.033344576,0.2027422058,0.9821707541
12000.0,1.036493663,0.2033600567,0.9874857178
12060.0,2.554784652,0.5012487486,0.992829048
12120.0,1.798580111,0.3528814178,0.9982446915
12180.0,2.119765396,0.4158979707,1.002998932
12240.0,1.010553653,0.1982706267,1.007821637
12300.0,0.9754007016,0.1913736177,1.012349887
12360.0,1.876947068,0.3682570147,1.017738379
12420.0,2.765016572,0.5424962514,1.022410116
12480.0,2.595832719,0.5093023794,1.027543459
12540.0,1.628992734,0.3196083745,1.032225973
12600.0,2.237703614,0.4390374491,1.037020242
12660.0,0.5515291051,0.1082100104,1.04128361
12720.0,0.3993226109,0.07834709626,1.047079057
12780.0,0.2851945682,0.05595517428,1.052018123
12840.0,0.01332136666,0.002613652139,1.056461715
12900.0,2.653160279,0.5205500468,1.061601426
12960.0,1.725131207,0.3384707429,1.066674617
13020.0,2.907554548,0.5704622024,1.071425329
13080.0,1.211378299,0.2376724223,1.076127845
13140.0,2.298255723,0.4509177729,1.080549361
13200.0,1.482986505,0.2909619524,1.085177342
13260.0,2.807302971,0.550792843,1.089878848
13320.0,1.499988994,0.2942978407,1.094600908
13380.0,2.353048128,0.4616680427,1.098891863
13440.0,2.521296456,0.4946783647,1.104075168
13500.0,2.408337473,0.4725158123,1.108973751
13560.0,1.318399799,0.2586700405,1.114260197
13620.0,1.681056134,0.3298232134,1.118952395
13680.0,0.4041732322,0.07929878815,1.12416444
13740.0,1.119415739,0.2196293681,1.128863606
13800.0,0.2774590658,0.0544374687,1.133260228
13860.0,0.5325781319,0.1044918295,1.137928903
13920.0,0.9105839797,0.1786565768,1.142917803
13980.0,1.450501386,0.284588372,1.147679984
14040.0,2.85185465,0.5595338822,1.15321381
14100.0,2.098417243,0.4117094631,1.15813682
14160.0,2.342773832,0.4596522259,1.162926964
14220.0,0.7448853676,0.1461465091,1.168566625
14280.0,2.336312628,0.4583845377,1.172929881
14340.0,1.564139898,0.3068842481,1.178173694
14400.0,2.457363308,0.482134681,1.183322303
14460.0,0.8312349422,0.1630882957,1.188645447
14520.0,1.992569158,0.3909420689,1.193367412
14580.0,2.022898324,0.3968926511,1.197887193
14640.0,1.62118232,0.3180759712,1.202879498
14700.0,2.148417503,0.421519514,1.208100503
14760.0,0.4981787672,0.09774267413,1.212409495
14820.0,1.411782953,0.2769918154,1.217419675
14880.0,2.334284075,0.4579865356,1.222360531
14940.0,2.022794879,0.3968723554,1.227263863
15000.0,1.095464986,0.2149302302,1.231974836
15060.0,1.435421591,0.2816297162,1.236473302
15120.0,0.1485972831,0.02915478695,1.24109594
15180.0,1.775063816,0.3482675208,1.246051248
15240.0,0.08064970666,0.01582347245,1.251030161
15300.0,0.9761609962,0.1915227875,1.255868474
15360.0,2.446971948,0.4800958962,1.260765182
15420.0,1.098527347,0.2155310654,1.26586068
15480.0,0.7422979617,0.1456388601,1.270711322
15540.0,2.082536928,0.4085937453,1.2760473
15600.0,0.7035961185,0.1380455585,1.28115188
15660.0,2.754748503,0.5404816563,1.285798966
15720.0,2.529969911,0.4963800966,1.290690704
15780.0,2.848772658,0.5589291955,1.296294952
15840.0,2.141165544,0.4200966797,1.301229395
15900.0,2.846221556,0.5584286692,1.305874581
15960.0,1.05588814,0.207165253,1.311293815
16020.0,2.42621996,0.4760243562,1.316159406
16080.0,0.7711328258,0.1512962604,1.320758859
16140.0,2.517413742,0.4939165762,1.325069514
16200.0,1.658017804,0.3253030931,1.329009706
16260.0,2.645072811,0.5189632854,1.333962191
16320.0,2.169596656,0.4256748638,1.338540934
16380.0,0.161346208,0.031656126,1.343076723
16440.0,0.1080667018,0.0212026869,1.347806923
16500.0,2.793940947,0.5481712137,1.352795423
16560.0,2.919504677,0.5728068176,1.357798625
16620.0,0.6437024296,0.1262944167,1.362544921
16680.0,2.938761082,0.5765849243,1.367687139
16740.0,0.1537427101,0.03016431972,1.373188615
16800.0,1.926998269,0.3780770604,1.377640557
16860.0,0.2416876801,0.04741912284,1.382299168
16920.0,1.67385027,0.328409423,1.387086252
16980.0,2.68973605,0.5277262131,1.392293127
17040.0,2.63347205,0.5166872163,1.397413139
17100.0,1.865575042,0.3660258233,1.40222249
17160.0,1.506221706,0.2955206988,1.406689
17220.0,0.6496794017,0.1274670986,1.411475077
17280.0,2.131414081,0.4181834428,1.415944251
17340.0,1.934927966,0.3796328669,1.421087857
17400.0,0.7783340361,0.1527091379,1.426351789
17460.0,1.272825556,0.249728374,1.43087586
17520.0,1.111673371,0.2181103154,1.435789863
17580.0,2.010623211,0.3944842741,1.440697159
17640.0,0.5951078472,0.1167601596,1.44465996
17700.0,1.933828188,0.3794170905,1.44958761
17760.0,1.495911105,0.2934977588,1.454566237
17820.0,2.586180661,0.5074086457,1.459302305
17880.0,2.204708614,0.43256383,1.464158949
17940.0,0.5686325062,0.1115656977,1.469230481
18000.0,1.727143444,0.3388655438,1.474128686
18060.0,0.4138538122,0.08119811794,1.479070423
18120.0,0.03999353284,0.007846731144,1.484673072
18180.0,2.291231544,0.449539629,1.489630181
18240.0,1.278046805,0.2507527832,1.49400589
18300.0,2.266526424,0.4446924844,1.498985535
18360.0,0.4968951794,0.09749083419,1.504097271
18420.0,0.3454072552,0.06776890348,1.508889793
18480.0,0.343123684,0.0673208668,1.514446719
18540.0,1.693379409,0.3322410401,1.518938261
18600.0,2.760337998,0.5415783152,1.524238121
18660.0,1.090379298,0.2139324184,1.529712779
18720.0,0.5909175018,0.1159380138,1.534705587
18780.0,1.548252501,0.3037671406,1.540210608
18840.0,1.293556534,0.2537957919,1.544244101
18900.0,0.05215145968,0.01023211639,1.548991684
18960.0,1.350275852,0.2649241221,1.553358522
19020.0,0.09322216757,0.01829018928,1.558407988
19080.0,2.092830689,0.4106133811,1.56361541
19140.0,2.158348714,0.4234680177,1.56763444
19200.0,1.628319977,0.3194763794,1.572326954
19260.0,0.4509316343,0.08847278665,1.57731575
19320.0,0.9400124385,0.1844304404,1.581961787
19380.0,1.168878068,0.229333877,1.586770097
19440.0,2.412821337,0.4733955463,1.591334598
19500.0,0.9324839416,0.1829533493,1.595714926
19560.0,0.7254827689,0.1423397193,1.600403724
19620.0,2.98096416,0.5848651682,1.605347513
19680.0,1.815866626,0.356273032,1.610745426
19740.0,2.403293703,0.4715262246,1.616062797
19800.0,2.261357316,0.4436783054,1.620840912
19860.0,0.6160795963,0.1208748168,1.625901704
19920.0,1.060227364,0.2080166088,1.630256995
19980.0,1.314831967,0.2579700319,1.635395964
20040.0,0.315474087,0.06189601586,1.640161177
20100.0,0.2981742974,0.05850179715,1.645242636
20160.0,2.314662451,0.4541367728,1.650518307
20220.0,2.312981569,0.4538069838,1.655929798
20280.0,2.49149133,0.488830599,1.661028756
20340.0,0.2916165383,0.05721516481,1.666035482
20400.0,0.4717922467,0.09256563879,1.671231104
20460.0,0.5159436332,0.1012281408,1.676023707
20520.0,0.4840549149,0.09497157429,1.681243617
20580.0,2.888871097,0.5667965092,1.68628884
20640.0,2.320403964,0.4552632578,1.690959755
20700.0,2.875581532,0.5641890966,1.696211896
20760.0,0.8432922502,0.1654539395,1.700929892
20820.0,1.072748601,0.2104732755,1.705770712
20880.0,1.444552079,0.2834211179,1.710884851
20940.0,0.9812887834,0.1925288593,1.715734324
21000.0,1.628958125,0.319601584,1.720402382
21060.0,1.500598754,0.2944174755,1.725176941
21120.0,2.735600682,0.5367248537,1.730028581
21180.0,2.552673806,0.5008346007,1.735159996
21240.0,1.513100443,0.2968703068,1.739761089
21300.0,0.1501523356,0.02945988824,1.744336213
21360.0,2.116241715,0.4152066244,1.748923568
21420.0,1.292197694,0.2535291875,1.753970529
21480.0,2.614238242,0.512913543,1.758637125
21540.0,2.641983435,0.5183571499,1.76380571
21600.0,1.144617652,0.2245739833,1.768782769
21660.0,1.797782634,0.3527249528,1.773332919
21720.0,2.719549277,0.5335755682,1.777785006
21780.0,1.198240327,0.2350947521,1.782431253
21840.0,1.19148189,0.2337687469,1.7874199
21900.0,2.589642117,0.5080877833,1.792342954
21960.0,1.876982761,0.3682640177,1.797936401
22020.0,1.713809232,0.3362493713,1.802955601
22080.0,2.357532827,0.4625479406,1.807878685
22140.0,0.02580926356,0.005063777511,1.812029856
22200.0,2.899846333,0.5689498506,1.816647358
22260.0,1.299170779,0.2548973067,1.821860192
22320.0,2.76306719,0.5421137828,1.826687561
22380.0,2.968868628,0.5824920248,1.831775881
22440.0,0.01794945895,0.003521683847,1.83631827
22500.0,0.8849873017,0.1736345086,1.841023485
22560.0,0.6399056263,0.1255494839,1.845745313
22620.0,1.111716602,0.2181187973,1.850459044
22680.0,1.48911842,0.2921650339,1.856033972
22740.0,2.725737295,0.5347896573,1.860967457
22800.0,1.385300382,0.2717959349,1.866220066
22860.0,0.4017582027,0.07882495938,1.870949937
22920.0,0.6545414371,0.12842103,1.874977319
22980.0,0.8883767014,0.1742995088,1.879606403
23040.0,1.113203655,0.2184105571,1.883642016
23100.0,2.915461016,0.5720134512,1.88853605
23160.0,1.25496525,0.246224182,1.893747916
23220.0,0.08736213622,0.01714045113,1.898615381
23280.0,0.00824071281,0.001616827853,1.903580629
23340.0,2.195366192,0.4307308468,1.908958408
23400.0,2.279296005,0.4471978762,1.91478499
23460.0,2.956660716,0.5800968324,1.920335069
23520.0,1.140916476,0.2238478126,1.925636476
23580.0,2.415355837,0.4738928153,1.92988973
23640.0,0.3709252343,0.07277553098,1.934159027
23700.0,2.415622376,0.4739451101,1.939515359
23760.0,2.615890657,0.5132377469,1.943768976
23820.0,1.015590143,0.1992587861,1.948831274
23880.0,0.6965992148,0.1366727659,1.953118945
23940.0,1.77035678,0.3473440003,1.958313727
24000.0,2.224797767,0.4365053218,1.963500313
24060.0,1.307380857,0.2565081242,1.968344997
24120.0,2.18532683,0.4287611241,1.973209852
24180.0,0.6358992839,0.1247634395,1.977956691
24240.0,1.305881588,0.2562139676,1.982732782
24300.0,0.1125964859,0.02209143053,1.987819566
24360.0,1.207170466,0.2368468455,1.993288713
24420.0,1.11204782,0.2181837823,1.998002355
24480.0,2.724414859,0.5345301953,2.002930079
24540.0,2.809908329,0.5513040141,2.008302984
24600.0,1.353856193,0.2656265851,2.013150869
24660.0,2.069963875,0.4061269122,2.017805931
24720.0,1.334921473,0.2619115929,2.022971752
24780.0,0.8644684873,0.1696087172,2.028478362
24840.0,2.603785618,0.5108627382,2.03315309
24900.0,2.283409857,0.4480050139,2.037663731
24960.0,2.868630162,0.5628252378,2.042729138
25020.0,0.4002410965,0.07852730314,2.047912714
25080.0,1.380068413,0.2707694226,2.052105954
25140.0,2.17242042,0.4262288864,2.057542393
25200.0,0.7804091552,0.1531162762,2.061545268
25260.0,1.751174476,0.3435804321,2.066718137
25320.0,0.5325969292,0.1044955175,2.071250259
25380.0,0.3921676886,0.07694330051,2.075372245
25440.0,1.74573187,0.3425125928,2.080298729
25500.0,2.868243119,0.5627492999,2.086047215
25560.0,1.933383141,0.3793297722,2.090698312
25620.0,2.878343957,0.5647310844,2.095523731
25680.0,1.882086598,0.3692653904,2.099965884
25740.0,0.5545648066,0.1088056151,2.104498458
25800.0,1.771530504,0.3475742848,2.108935792
25860.0,1.981677657,0.3888051562,2.113338968
25920.0,0.6676799659,0.1309988093,2.117746735
25980.0,0.9860112319,0.1934554037,2.122991327
26040.0,2.287661425,0.4488391716,2.127946293
26100.0,0.4140348641,0.08123364034,2.132556207
26160.0,2.52761528,0.495918118,2.137656713
26220.0,2.267744167,0.4449314056,2.14208007
26280.0,1.892833525,0.3713739377,2.146588398
26340.0,1.062416221,0.2084460625,2.151523559
26400.0,1.81964205,0.3570137703,2.156407204
26460.0,1.280074331,0.2511505837,2.16139311
26520.0,0.1353749582,0.0265605668,2.166322991
26580.0,1.132672948,0.2222304324,2.171528855
26640.0,2.575655399,0.5053435894,2.17609371
26700.0,1.927003792,0.3780781441,2.181633359
26760.0,1.649065824,0.3235467147,2.186384706
26820.0,0.5787178029,0.1135444329,2.19109071
26880.0,2.416487952,0.4741149362,2.196633768
26940.0,1.297706229,0.2546099621,2.201083091
27000.0,1.597484093,0.313426379,2.205153642
27060.0,1.431445774,0.2808496608,2.210102478
27120.0,1.563883998,0.3068340403,2.215021231
27180.0,1.001781163,0.1965494643,2.22002378
27240.0,2.441119899,0.4789477243,2.225068218
27300.0,0.2478886776,0.04863575854,2.229862548
27360.0,0.0002677704129,5.2536555e-05,2.234469593
27420.0,1.499344352,0.2941713618,2.239392523
27480.0,1.835272871,0.3600805374,2.244130649
27540.0,2.102634083,0.4125368071,2.248785123
27600.0,1.756879291,0.3446997169,2.253657257
27660.0,0.08254012794,0.0161943731,2.258128344
27720.0,1.807579913,0.354647179,2.263535687
27780.0,1.942897678,0.3811965243,2.268369778
27840.0,2.409974837,0.4728370631,2.273881879
27900.0,2.679490521,0.5257160402,2.27840714
27960.0,0.3637025781,0.07135844583,2.283033756
28020.0,1.697329831,0.3330161127,2.28723099
28080.0,1.480754664,0.290524065,2.292416761
28140.0,0.4300681242,0.08437936597,2.297452986
28200.0,1.143358348,0.2243269078,2.302476642
28260.0,2.571229224,0.5044751738,2.307521331
28320.0,0.9038901416,0.1773432458,2.311476823
28380.0,0.3463755215,0.06795887732,2.316693236
28440.0,0.4979084506,0.097689638,2.321524982
28500.0,0.6302418469,0.1236534504,2.326438419
28560.0,2.582339678,0.5066550449,2.331400525
28620.0,2.401245746,0.4711244154,2.335975906
28680.0,2.005585586,0.393495892,2.341017289
28740.0,1.375402764,0.2698540223,2.346762693
28800.0,1.370729875,0.2689372015,2.351697754
28860.0,2.38407743,0.4677559918,2.356173169
28920.0,2.646262729,0.5191967475,2.361427048
28980.0,0.4916627155,0.09646422478,2.365864452
29040.0,1.990656049,0.3905667169,2.370815533
29100.0,1.323758366,0.2597213915,2.375462634
29160.0,1.032020716,0.2024824645,2.380540226
29220.0,1.64267238,0.3222923209,2.38604376
29280.0,0.5275168737,0.1034988106,2.3918357
29340.0,0.1266048868,0.02483987879,2.396918148
29400.0,1.341623702,0.2632265704,2.401946488
29460.0,1.660415999,0.3257736189,2.406787755
29520.0,0.8311579122,0.1630731824,2.411600974
29580.0,2.603211452,0.5107500869,2.416660616
29640.0,1.880379883,0.368930533,2.421451756
29700.0,2.622877456,0.5146085568,2.426780382
29760.0,1.039131986,0.2038776956,2.43153407
29820.0,2.650559583,0.5200397902,2.436088051
29880.0,2.860230398,0.5611772041,2.441416875
29940.0,0.9268076843,0.1818396677,2.44651683
30000.0,0.1588084511,0.03115821811,2.451214226
30060.0,2.359727846,0.4629786033,2.455932815
30120.0,1.637586118,0.3212943963,2.461066057
30180.0,1.641147427,0.3219931251,2.465404125
30240.0,0.7522384894,0.1475891916,2.47060382
30300.0,1.769352662,0.3471469923,2.475286815
30360.0,0.2739187157,0.05374285202,2.479894011
30420.0,0.01401084736,0.002748928253,2.484989603
30480.0,1.106718617,0.2171381927,2.489646946
30540.0,1.851081072,0.3631821064,2.495127818
30600.0,0.01702036298,0.003339395217,2.499879748
30660.0,1.007263707,0.1976251392,2.504680287
30720.0,2.821590877,0.5535961302,2.509880833
30780.0,0.9773692395,0.1917598448,2.514994289
30840.0,2.455816724,0.4818312413,2.520093981
30900.0,2.749874337,0.5395253449,2.524549311
30960.0,0.4041044196,0.07928528712,2.530079966
31020.0,0.4119027517,0.08081531989,2.534918405
31080.0,1.305636379,0.2561658575,2.539554844
31140.0,2.546552463,0.4996335932,2.544831897
31200.0,0.3491298118,0.06849926907,2.549539935
31260.0,2.335216407,0.458169459,2.555124099
31320.0,2.835232792,0.5562726738,2.560498774
31380.0,1.729565512,0.3393407535,2.565358806
31440.0,2.653182718,0.5205544493,2.570311851
31500.0,1.704032415,0.3343311597,2.574977091
31560.0,1.724833061,0.3384122467,2.580141385
31620.0,2.318357244,0.4548616913,2.58546527
31680.0,1.590062622,0.3119702865,2.591285951
31740.0,1.347791954,0.2644367814,2.596458115
31800.0,1.767921527,0.3468662036,2.60065078
31860.0,1.988228294,0.3900903912,2.605762514
31920.0,1.5537095,0.3048378039,2.611093322
31980.0,1.376632788,0.2700953529,2.615211346
32040.0,2.986015763,0.5858562927,2.620955576
32100.0,2.624898219,0.5150050305,2.625730775
32160.0,0.6531776148,0.128153448,2.630625673
32220.0,1.284587441,0.2520360559,2.6347187
32280.0,2.735045186,0.5366158656,2.639946509
32340.0,0.3749106161,0.07355746287,2.644120644
32400.0,1.060496525,0.2080694183,2.64902112
32460.0,2.171243763,0.4259980263,2.653367324
32520.0,2.448211288,0.4803390547,2.658419604
32580.0,1.190015625,0.2334810656,2.663549432
32640.0,1.333345423,0.261602372,2.668735179
32700.0,2.582812766,0.5067478647,2.673789548
32760.0,2.423556892,0.4755018622,2.678946553
32820.0,0.7623607304,0.1495751753,2.683399005
32880.0,2.921440488,0.5731866237,2.68822143
32940.0,1.871507536,0.3671897785,2.693264482
33000.0,1.907940566,0.3743379391,2.698111958
33060.0,0.2384693829,0.04678769293,2.702789173
33120.0,0.6503318178,0.1275951026,2.708125831
33180.0,2.915601773,0.5720410679,2.713544491
33240.0,2.023644136,0.3970389794,2.718292209
33300.0,1.280875056,0.251307686,2.723154766
33360.0,0.4919417701,0.09651897529,2.728602686
33420.0,2.009298765,0.3942244176,2.732953444
33480.0,0.3075321993,0.06033781751,2.738013143
33540.0,1.214803763,0.2383444982,2.743402982
33600.0,1.412201324,0.2770738998,2.748397
33660.0,0.953085876,0.1869954489,2.752979341
33720.0,1.267049316,0.2485950758,2.758232087
33780.0,1.818843653,0.3568571248,2.763342111
33840.0,2.399218236,0.470726618,2.768367339
33900.0,2.278541692,0.4470498799,2.773607102
33960.0,2.188217586,0.4293282904,2.778533897
34020.0,2.73571943,0.5367481522,2.782912991
34080.0,2.386117476,0.4681562488,2.787790575
34140.0,2.498522911,0.4902101951,2.792069897
34200.0,2.583891953,0.5069596012,2.797320939
34260.0,2.938629016,0.576559013,2.802435356
34320.0,0.480663672,0.09430621245,2.806909179
34380.0,2.51237494,0.4929279633,2.811728422
34440.0,2.004957708,0.3933727023,2.817167775
34500.0,0.6858024244,0.1345544357,2.822438125
34560.0,2.499176735,0.4903384754,2.827355701
34620.0,0.4031008697,0.07908839064,2.832042334
34680.0,2.009945626,0.3943513317,2.837282412
34740.0,1.846053651,0.3621957264,2.841994824
34800.0,0.9432587304,0.1850673629,2.847007361
34860.0,2.650634278,0.5200544453,2.851583246
34920.0,1.414944383,0.2776120879,2.85657269
34980.0,0.03585013427,0.007033796343,2.860922858
35040.0,1.494557244,0.2932321313,2.866262559
35100.0,2.671770574,0.5242013867,2.871225001
35160.0,2.585726002,0.5073194416,2.876442746
35220.0,1.470049685,0.2884237482,2.88125686
35280.0,1.97667338,0.3878233172,2.88644687
35340.0,1.855748328,0.364097822,2.891367207
35400.0,1.661104875,0.3259087765,2.895942388
35460.0,2.440217435,0.4787706608,2.901374021
35520.0,0.5563169322,0.1091493821,2.906776108
35580.0,2.170382407,0.4258290282,2.911390645
35640.0,0.3185960573,0.06250854645,2.916288012
35700.0,0.2829871077,0.05552207054,2.921307596
35760.0,2.256001576,0.4426275092,2.927107376
35820.0,2.271388906,0.4456465034,2.93237635
35880.0,2.065845535,0.405318894,2.937543011
35940.0,0.6075288861,0.1191971675,2.942821395
36000.0,2.711328237,0.5319626001,2.947478053
36060.0,1.959190903,0.3843932552,2.952113719
36120.0,2.840812827,0.5573674767,2.956648209
36180.0,0.7308774007,0.143398146,2.96162647
36240.0,1.502100647,0.294712147,2.966323633
36300.0,1.243806514,0.2440348381,2.971320168
36360.0,2.331826847,0.4575044273,2.975664065
36420.0,0.3427173341,0.06724114095,2.980326717
36480.0,1.7384464,0.3410831838,2.985744253
36540.0,0.1587870813,0.03115402534,2.990379287
36600.0,0.04910999453,0.009635380927,2.994883883
36660.0,1.78219608,0.3496668709,3.000087446
36720.0,2.906111113,0.5701790004,3.005227471
36780.0,2.749052827,0.5393641646,3.009533454
36840.0,1.213711824,0.2381302599,3.0151288
36900.0,0.5267682005,0.1033519209,3.019569646
36960.0,0.4786792876,0.09391687623,3.024861484
37020.0,0.9982965356,0.1958657803,3.029849818
37080.0,0.02440727765,0.004788707876,3.035409089
37140.0,0.446864893,0.08767489201,3.039898898
37200.0,0.6839343728,0.1341879239,3.044877943
37260.0,2.816154573,0.5525295272,3.049236655
37320.0,2.127289369,0.4173741743,3.054167175
37380.0,0.9394843772,0.1843268348,3.058544702
37440.0,1.128285407,0.2213695969,3.062661478
37500.0,0.2731626822,0.05359451824,3.067946212
37560.0,0.3757988387,0.07373173216,3.072438433
37620.0,1.211629998,0.2377218055,3.077895614
37680.0,1.529384019,0.3000651444,3.083075981
37740.0,2.042345529,0.4007081927,3.087987849
37800.0,2.9680996,0.5823411415,3.09274405
37860.0,2.027489163,0.3977933737,3.096976896
37920.0,1.979907831,0.3884579164,3.101710193
37980.0,1.274652817,0.2500868828,3.107089963
38040.0,2.777279668,0.5449022708,3.112234922
38100.0,2.547265525,0.499773496,3.117758125
38160.0,0.3706517582,0.07272187496,3.122731388
38220.0,0.3778316104,0.07413056195,3.127271045
38280.0,0.4007952381,0.07863602572,3.131540417
38340.0,1.771784319,0.3476240834,3.136623497
38400.0,0.2777136059,0.05448740948,3.141742625
38460.0,1.617173185,0.3172893789,3.146408829
38520.0,2.907802295,0.5705108103,3.151812616
38580.0,2.23199226,0.4379168815,3.157281577
38640.0,1.853867104,0.3637287257,3.162179913
38700.0,2.33919179,0.4589494292,3.166884615
38760.0,1.276131681,0.2503770358,3.171799173
38820.0,2.461966501,0.4830378274,3.176402451
38880.0,1.043236929,0.2046830855,3.18148773
38940.0,0.07468894605,0.01465397122,3.18628929
39000.0,1.648470343,0.3234298813,3.191147893
39060.0,2.499567719,0.4904151864,3.195215412
39120.0,1.986565488,0.3897641487,3.200589962
39180.0,2.14079305,0.4200235965,3.20538301
39240.0,2.75953752,0.5414212615,3.210992623
39300.0,1.714474067,0.336379812,3.216199374
39360.0,2.009515714,0.394266983,3.221580349
39420.0,1.128326556,0.2213776703,3.22635109
39480.0,0.07359549997,0.01443943709,3.230964759
39540.0,2.435537068,0.4778523727,3.235753502
39600.0,0.1758761104,0.03450689286,3.240374059
39660.0,2.663295098,0.5225384982,3.244842086
39720.0,0.2660432156,0.0521976789,3.250266005
39780.0,0.6446459072,0.126479527,3.254706724
39840.0,0.3300488674,0.06475558778,3.259874151
39900.0,2.081491836,0.4083886982,3.265579517
39960.0,0.6644218065,0.1303595584,3.270702566
40020.0,2.566929869,0.5036316402,3.275981104
40080.0,2.935649592,0.57597445,3.281535411
40140.0,0.8193298784,0.1607525221,3.286080636
40200.0,0.08622019922,0.01691640309,3.29052998
40260.0,0.9535998558,0.1870962917,3.295248387
40320.0,0.9840643599,0.1930734274,3.299914462
40380.0,2.405171864,0.4718947197,3.304437105
40440.0,0.0165392786,0.003245006462,3.309067733
40500.0,2.241617878,0.4398054276,3.313908912
40560.0,0.6283558441,0.1232834166,3.318955227
40620.0,1.511375769,0.2965319258,3.323839905
40680.0,2.898057318,0.5685988457,3.329273203
40740.0,0.2916715822,0.05722596442,3.334839799
40800.0,0.8094923086,0.158822391,3.339897752
40860.0,1.333407706,0.261614592,3.344365673
40920.0,2.528247886,0.4960422352,3.349276242
40980.0,0.5078288545,0.09963602126,3.354264239
41040.0,2.722826156,0.5342184919,3.3589412
41100.0,0.2107685345,0.04135278647,3.364161024
41160.0,2.613380872,0.5127453272,3.368266235
41220.0,2.287082604,0.448725607,3.372421344
41280.0,1.613847859,0.3166369498,3.376976594
41340.0,2.632151832,0.5164281895,3.382062003
41400.0,2.158247464,0.4234481524,3.38669776
41460.0,1.333905218,0.2617122038,3.392244763
41520.0,2.162140299,0.4242119267,3.397543873
41580.0,1.22259951,0.2398740239,3.402181046
41640.0,2.523084799,0.4950292375,3.407651761
41700.0,0.4849220486,0.09514170594,3.412476519
41760.0,1.705693072,0.3346569807,3.417957367
41820.0,2.171468082,0.4260420377,3.423346036
41880.0,0.05563746568,0.01091607077,3.428401435
41940.0,2.774199635,0.5442979684,3.433921699
42000.0,2.548730534,0.5000609307,3.438690905
42060.0,2.392755236,0.4694585773,3.443196993
42120.0,1.477636744,0.2899123291,3.447859223
42180.0,2.225155093,0.4365754293,3.452899243
42240.0,1.847985337,0.3625747232,3.458565474
42300.0,1.564435722,0.3069422886,3.463249529
42360.0,2.244454727,0.4403620174,3.468183618
42420.0,1.876636522,0.3681960855,3.473251116
42480.0,0.8465990787,0.1661027392,3.478171518
42540.0,0.1079631486,0.02118236976,3.482366131
42600.0,0.9645285301,0.1892404976,3.48701742
42660.0,2.039774904,0.4002038361,3.491616286
42720.0,2.445453085,0.4797978953,3.496330155
42780.0,2.016021717,0.3955434608,3.501249345
42840.0,0.2109874306,0.04139573388,3.506237629
42900.0,1.974979508,0.3874909796,3.511340502
42960.0,0.8277767935,0.1624098069,3.516215939
43020.0,2.483868828,0.487335064,3.521019204
43080.0,1.114344151,0.2186343224,3.52552678
43140.0,1.632249222,0.3202472973,3.53017056
43200.0,0.4335701648,0.08506646634,3.535306022
43260.0,1.689856035,0.331549754,3.540403043
43320.0,1.44550029,0.283607157,3.544519732
43380.0,0.4380192301,0.08593937295,3.549992486
43440.0,0.5530186921,0.1085022674,3.555363911
43500.0,2.066209832,0.405390369,3.560710727
43560.0,1.333345695,0.2616024254,3.565605802
43620.0,1.178117324,0.2311466189,3.570960445
43680.0,1.583842686,0.310749935,3.576157002
43740.0,1.312774701,0.2575663964,3.581636743
43800.0,0.6450110081,0.1265511598,3.586606632
43860.0,2.390949798,0.4691043504,3.591482634
43920.0,2.47292802,0.4851884775,3.596002894
43980.0,2.849072384,0.5589880018,3.601101554
44040.0,0.4430876285,0.08693379271,3.605744821
44100.0,2.449800933,0.4806509431,3.610742492
44160.0,2.882289655,0.5655052303,3.615536623
44220.0,1.318157432,0.2586224882,3.620599263
44280.0,2.491141107,0.4887618852,3.625204624
44340.0,2.752329492,0.5400070463,3.629978848
44400.0,2.641651247,0.5182919746,3.634997585
44460.0,1.841943478,0.3613893104,3.640278172
44520.0,2.371746368,0.4653366373,3.645378563
44580.0,0.4468428298,0.08767056321,3.649946098
44640.0,0.8890832572,0.1744381351,3.655002533
44700.0,1.016731195,0.1994826605,3.65991189
44760.0,2.69586751,0.5289292054,3.664513377
44820.0,0.901042039,0.1767844481,3.669708569
44880.0,1.864782803,0.3658703859,3.674042484
44940.0,1.671946317,0.3280358675,3.67944748
45000.0,1.875111243,0.3678968259,3.684754659
45060.0,1.677067398,0.3290406235,3.690303804
45120.0,0.09234051942,0.01811720991,3.695042096
45180.0,0.5269420489,0.10338603,3.700111975
45240.0,2.101476435,0.4123096766,3.704927647
45300.0,1.531765567,0.3005324042,3.709745552
45360.0,2.141213802,0.420106148,3.715130648
45420.0,1.653648031,0.3244457437,3.719957177
45480.0,2.409712437,0.4727855801,3.724635973
45540.0,0.8922196307,0.1750534915,3.729569646
45600.0,1.170533173,0.2296586085,3.734262185
45660.0,1.811148826,0.3553473997,3.738927116
45720.0,2.505664405,0.4916113563,3.744668306
45780.0,0.7881218838,0.1546295136,3.749488734
45840.0,1.543733946,0.3028806001,3.754419415
45900.0,0.1383993692,0.02715395623,3.759522553
45960.0,1.359020743,0.2666398697,3.764387197
46020.0,0.4539005044,0.08905527896,3.769468744
46080.0,0.2855315094,0.05602128213,3.77507512
46140.0,2.095204634,0.4110791492,3.780145343
46200.0,0.2862728665,0.05616673641,3.784568914
46260.0,0.5618790391,0.1102406675,3.789665475
46320.0,0.03566331596,0.006997142591,3.794537367
46380.0,1.920944268,0.3768892655,3.800022176
46440.0,0.2256814198,0.04427869456,3.804749589
46500.0,1.72857393,0.3391462052,3.809090904
46560.0,2.552785838,0.5008565814,3.814164985
46620.0,1.471965228,0.2887995777,3.818974613
46680.0,0.0844462415,0.01656835258,3.823430792
46740.0,2.069284874,0.4059936922,3.828888618
46800.0,2.929943002,0.574854817,3.83329273
46860.0,2.989404491,0.5865211611,3.838377537
46920.0,1.727036518,0.3388445649,3.843140205
46980.0,0.8754551854,0.1717643074,3.847385325
47040.0,2.97678787,0.5840457802,3.852993152
47100.0,0.0541449077,0.01062323089,3.85791374
47160.0,0.6784668727,0.1331152004,3.86356016
47220.0,2.684203481,0.5266407229,3.868807295
47280.0,2.490020501,0.4885420223,3.873857654
47340.0,1.116895507,0.2191348985,3.87837086
47400.0,1.207058545,0.2368248866,3.882781821
47460.0,1.337381378,0.2623942263,3.887674169
47520.0,2.244156746,0.4403035536,3.892316558
47580.0,2.917123927,0.5723397145,3.897633585
47640.0,2.152983176,0.4224152992,3.902640081
47700.0,2.363924832,0.463802052,3.907699831
47760.0,0.6068701564,0.1190679247,3.912023681
47820.0,0.1406732647,0.02760009453,3.917038763
47880.0,0.7957767152,0.1561313915,3.921689531
47940.0,1.149052802,0.2254441598,3.926520398
48000.0,0.5368168989,0.1053234756,3.931250104
48060.0,1.205966301,0.2366105882,3.935879757
48120.0,1.97373926,0.3872476428,3.940747425
48180.0,0.1455896837,0.02856469594,3.945401119
48240.0,1.273097994,0.2497818264,3.950019688
48300.0,1.177216931,0.2309699618,3.955097078
48360.0,1.220429426,0.2394482534,3.959804721
48420.0,2.619374577,0.513921292,3.96438386
48480.0,2.684452924,0.5266896636,3.969438771
48540.0,2.742314079,0.5380420224,3.974700448
48600.0,1.719268681,0.3373205153,3.979195391
48660.0,1.120793477,0.2198996801,3.983977973
48720.0,2.521454819,0.4947094355,3.989040816
48780.0,1.257562815,0.2467338244,3.994484222
48840.0,0.6463642208,0.1268166601,3.99898992
48900.0,1.249083707,0.2450702233,4.003596169
48960.0,1.798731539,0.3529111279,4.008509082
49020.0,0.05571207534,0.01093070918,4.013334222
49080.0,1.682364411,0.3300798974,4.018652795
49140.0,0.1162040377,0.0227992322,4.023811664
49200.0,2.634284361,0.5168465917,4.028427542
49260.0,0.7782845759,0.1526994338,4.033857049
49320.0,2.574240308,0.5050659484,4.038990241
49380.0,1.218823423,0.2391331557,4.044459761
49440.0,1.288644362,0.2528320238,4.048677147
49500.0,1.661741198,0.3260336231,4.052929195
49560.0,2.037439132,0.3997455576,4.057995219
49620.0,0.7123163639,0.1397564706,4.062633204
49680.0,1.697443426,0.3330384001,4.067986292
49740.0,0.9401411747,0.1844556985,4.073020335
49800.0,2.542235102,0.498786527,4.077770837
49860.0,2.224202416,0.436388514,4.082534348
49920.0,0.8719506767,0.1710767228,4.087310117
49980.0,0.1211258488,0.02376489153,4.09222229
50040.0,0.5858244014,0.1149387476,4.097371415
50100.0,2.242262267,0.4399318567,4.102287544
50160.0,1.487273666,0.2918030933,4.107205055
50220.0,0.4307666285,0.08451641251,4.112205638
50280.0,2.058035324,0.4037865306,4.11712682
50340.0,1.69640995,0.3328356322,4.121743715
50400.0,1.206332309,0.2366823989,4.126687662
50460.0,1.815679136,0.3562362466,4.130958799
50520.0,2.132248025,0.4183470626,4.136032552
50580.0,2.495125696,0.4895436615,4.140934832
50640.0,2.709884818,0.5316794013,4.145829588
50700.0,0.1769153716,0.03471079591,4.150903964
50760.0,0.3799672976,0.07454958379,4.155400392
50820.0,2.991346271,0.5869021384,4.160927974
50880.0,1.837545983,0.3605265218,4.166250122
50940.0,1.896421422,0.372077883,4.171147109
51000.0,1.443627288,0.283239674,4.175777813
51060.0,2.804382479,0.5502198424,4.180015534
51120.0,1.57282506,0.3085882768,4.184680546
51180.0,2.693622462,0.5284887271,4.189650359
51240.0,2.183388252,0.428380775,4.194321437
51300.0,0.3649515156,0.07160348736,4.199325955
51360.0,0.6287164461,0.1233541667,4.203715087
51420.0,1.922975162,0.3772877268,4.208316247
51480.0,2.393624078,0.469629044,4.213710381
51540.0,1.222706123,0.2398949414,4.218586736
51600.0,0.2779702364,0.05453776039,4.223655006
51660.0,2.891467994,0.5673060204,4.228634786
51720.0,2.918657794,0.5726406591,4.233781612
51780.0,0.4197599121,0.08235689474,4.238859646
51840.0,0.6982093952,0.1369886833,4.243827643
51900.0,2.403278357,0.4715232136,4.248415905
51960.0,0.02849635224,0.00559098431,4.253222473
52020.0,1.876443741,0.3681582621,4.258313921
52080.0,0.7734962968,0.1517599734,4.263801563
52140.0,1.996278409,0.3916698239,4.268500219
52200.0,1.515380034,0.2973175627,4.273360367
52260.0,2.31838869,0.454867861,4.278113413
52320.0,2.398045556,0.470496538,4.283309766
52380.0,1.393970909,0.2734970924,4.287976267
52440.0,2.679306514,0.525679938,4.2933689
52500.0,1.763841511,0.3460657045,4.298157614
52560.0,1.747328663,0.3428258836,4.303090894
52620.0,0.3215132148,0.06308089274,4.308227184
52680.0,1.256993232,0.2466220722,4.313277255
52740.0,1.082839056,0.2124530227,4.318287783
52800.0,1.031535016,0.2023871701,4.323219798
52860.0,2.659229918,0.5217409099,4.327916312
52920.0,1.365252419,0.2678625246,4.332522219
52980.0,2.996727802,0.5879579948,4.337616806
53040.0,1.441448909,0.2828122759,4.342608094
53100.0,2.968458072,0.5824114737,4.347828454
53160.0,0.975727623,0.1914377596,4.352800155
53220.0,1.760066228,0.3453249939,4.357483442
53280.0,1.110057595,0.2177933002,4.36165834
53340.0,2.301282162,0.4515115601,4.366365364
53400.0,1.910793479,0.3748976806,4.370953168
53460.0,2.711423362,0.5319812636,4.376053838
53520.0,2.613183358,0.5127065749,4.381327477
53580.0,1.326997736,0.2603569558,4.386144937
53640.0,0.3827276489,0.07509116472,4.390835847
53700.0,1.100479665,0.2159141103,4.395556596
53760.0,1.615121583,0.3168868546,4.400392464
53820.0,0.2287401379,0.04487881506,4.404892063
53880.0,1.266401079,0.2484678917,4.409400786
53940.0,0.9501958208,0.18642842,4.414832532
54000.0,2.673894083,0.524618019,4.419530056
54060.0,2.44552262,0.479811538,4.424825774
54120.0,2.05800725,0.4037810225,4.429649289
54180.0,2.726904426,0.5350186483,4.434084329
54240.0,2.519002072,0.4942282066,4.439131603
54300.0,0.6343279766,0.124455149,4.443974147
54360.0,1.60530728,0.3149612882,4.448923764
54420.0,1.909916196,0.3747255577,4.453975887
54480.0,0.9037614806,0.1773180025,4.457948297
54540.0,1.582397536,0.3104663966,4.462811572
54600.0,2.059908078,0.4041539649,4.467198947
54660.0,1.436442552,0.2818300287,4.471453937
54720.0,0.06960944542,0.01365737319,4.47590843
54780.0,1.124820792,0.2206898394,4.480821782
54840.0,0.6054311258,0.1187855869,4.485760611
54900.0,2.327145176,0.4565858836,4.490652731
54960.0,2.112013119,0.4143769739,4.495690286
55020.0,0.6402875522,0.1256244177,4.499996812
55080.0,0.618646112,0.1213783672,4.504876216
55140.0,0.5560964283,0.1091061192,4.509672899
55200.0,0.02751385453,0.005398218259,4.514672875
55260.0,2.814343787,0.5521742509,4.519481228
55320.0,0.2960564788,0.05808628114,4.524006924
55380.0,1.023610074,0.2008322964,4.52867609
55440.0,1.695966694,0.3327486654,4.533671246
55500.0,0.8868746519,0.1740048067,4.538383589
55560.0,2.890366937,0.5670899931,4.543271175
55620.0,0.04836427692,0.009489071132,4.548198081
55680.0,2.198650186,0.4313751664,4.553117855
55740.0,2.736476537,0.5368966966,4.557825686
55800.0,1.692764672,0.3321204287,4.562199214
55860.0,1.930930595,0.3788485827,4.566630174
55920.0,1.574150765,0.3088483802,4.571214717
55980.0,2.745968938,0.5387591056,4.576881726
56040.0,0.2740344747,0.05376556394,4.581691484
56100.0,0.8343685735,0.1637031141,4.586621538
56160.0,1.685009751,0.3305989131,4.59248169
56220.0,1.118966253,0.2195411789,4.598400549
56280.0,2.155787926,0.4229655911,4.602786993
56340.0,2.186222863,0.4289369257,4.607860761
56400.0,0.6552818121,0.1285662915,4.612558445
56460.0,2.316228846,0.4544440996,4.616916255
56520.0,1.614826692,0.3168289969,4.622403608
56580.0,1.009913557,0.1981450398,4.627333174
56640.0,0.1328138798,0.02605808322,4.632384345
56700.0,1.052103379,0.206422683,4.637142736
56760.0,2.621316042,0.5143022074,4.642043259
56820.0,2.303421005,0.4519312011,4.646888421
56880.0,0.7371092878,0.1446208423,4.652178732
56940.0,0.7827007127,0.1535658798,4.656869255
57000.0,0.8916995529,0.1749514523,4.662079112
57060.0,1.15132511,0.2258899866,4.667243496
57120.0,0.6954387558,0.1364450839,4.672756718
57180.0,1.34530397,0.263948639,4.677742029
57240.0,1.319130361,0.2588133767,4.682369816
57300.0,2.049031243,0.4020199299,4.68767894
57360.0,0.4572400423,0.08971049631,4.692242878
57420.0,2.496286288,0.4897713698,4.697072749
57480.0,0.9352738546,0.1835007303,4.702360735
57540.0,1.02468065,0.2010423436,4.707473401
57600.0,1.63334472,0.320462234,4.71229146
57660.0,1.622063403,0.3182488396,4.716906633
57720.0,2.883332679,0.5657098715,4.722071028
57780.0,2.634227592,0.5168354536,4.727049087
57840.0,2.813301893,0.5519698315,4.731942409
57900.0,1.713936441,0.3362743297,4.737093154
57960.0,1.941903233,0.3810014143,4.741706314
58020.0,2.353407332,0.4617385185,4.74653741
58080.0,1.266418051,0.2484712215,4.750830115
58140.0,2.707144003,0.5311416534,4.755488727
58200.0,2.526804598,0.4957590622,4.760188501
58260.0,1.544691793,0.3030685298,4.765425769
58320.0,1.198504849,0.2351466515,4.77023991
58380.0,2.94188667,0.5771981646,4.775429088
58440.0,1.188309552,0.2331463342,4.780406502
58500.0,1.307351384,0.2565023415,4.78500631
58560.0,1.173631005,0.2302664032,4.790116319
58620.0,0.3778900731,0.07414203235,4.795188066
58680.0,2.247698258,0.4409983982,4.800116267
58740.0,1.874450604,0.3677672084,4.804999022
58800.0,0.4409674414,0.08651781201,4.809807116
58860.0,0.4125317929,0.08093873777,4.814649064
58920.0,0.7387802276,0.1449486807,4.818729651
58980.0,0.6421045992,0.1259809224,4.823495916
59040.0,1.922149346,0.3771257017,4.828409908
59100.0,0.4324796979,0.08485251672,4.833491744
59160.0,1.835925285,0.3602085409,4.838317646
59220.0,1.735195623,0.3404453812,4.843142957
59280.0,0.5990070189,0.1175251771,4.848739933
59340.0,0.9214607015,0.1807905896,4.85388311
59400.0,2.023883971,0.397086035,4.858705987
59460.0,2.405528565,0.4719647044,4.863150763
59520.0,2.142334938,0.4203261147,4.868117773
59580.0,1.166263359,0.2288208711,4.872878899
59640.0,2.591597567,0.5084714426,4.877670177
59700.0,1.430237543,0.2806126059,4.882924731
59760.0,2.072101921,0.4065463968,4.887624291
59820.0,0.7207041372,0.1414021517,4.892106803
59880.0,2.313512928,0.4539112365,4.897372032
59940.0,1.42658582,0.2798961379,4.902112274
60000.0,1.450517883,0.2845916087,4.906606482
60060.0,0.7185694835,0.1409833327,4.911357417
60120.0,2.902350438,0.5694411558,4.916636859
60180.0,2.264407832,0.4442768166,4.921021451
60240.0,2.430107577,0.4767871067,4.926412735
60300.0,2.571700771,0.5045676912,4.931357187
60360.0,0.5694466408,0.1117254309,4.935616305
60420.0,0.9064793088,0.1778512404,4.941127856
60480.0,1.523255302,0.2988626903,4.945960988
60540.0,2.476207429,0.4858318975,4.950834738
60600.0,0.6942047336,0.1362029687,4.955937697
60660.0,1.018902318,0.1999086347,4.960975028
60720.0,2.754339526,0.540401415,4.965559376
60780.0,0.8381196444,0.1644390742,4.971163415
60840.0,0.4993585591,0.09797414929,4.976614826
60900.0,0.7166279482,0.1406024034,4.981338419
60960.0,2.363028727,0.4636262363,4.986021188
61020.0,2.991646304,0.5869610049,4.991693378
61080.0,2.994342191,0.5874899378,4.996820125
61140.0,2.785313357,0.5464784807,5.0025296
61200.0,0.869155588,0.1705283264,5.007000805
61260.0,1.267241311,0.2486327452,5.011833529
61320.0,2.300234894,0.4513060862,5.016892309
61380.0,1.497801847,0.2938687224,5.021979684
61440.0,1.5366737,0.30149538,5.026856508
61500.0,2.504861047,0.4914537375,5.031608086
61560.0,1.106692979,0.2171331625,5.037164144
61620.0,2.496640638,0.4898408932,5.042286536
61680.0,2.358998525,0.4628355106,5.047057856
61740.0,1.287179372,0.2525445927,5.052013996
61800.0,1.234686174,0.2422454273,5.056334121
61860.0,0.4632016721,0.09088016806,5.061663239
61920.0,0.3050437913,0.05984959185,5.066445277
61980.0,1.995972231,0.3916097517,5.07083905
62040.0,1.50974972,0.296212895,5.075823714
62100.0,2.353755213,0.4618067727,5.081091781
62160.0,0.9852956397,0.1933150045,5.085969347
62220.0,2.957842119,0.5803286238,5.09085926
62280.0,0.07153887738,0.01403592774,5.095537198
62340.0,0.1442564708,0.02830311957,5.1004501
62400.0,1.067201352,0.2093849052,5.105171842
62460.0,1.130312381,0.2217672891,5.109795918
62520.0,0.4531719814,0.08891234276,5.114742066
62580.0,1.549385271,0.3039893901,5.119259883
62640.0,2.854498999,0.5600527037,5.124502105
62700.0,0.9632117192,0.1889821393,5.129285508
62760.0,0.67247235,0.1319390751,5.13384194
62820.0,1.269769896,0.2491288536,5.138575267
62880.0,2.144819945,0.4208136732,5.143506922
62940.0,1.256150258,0.2464566807,5.148811193
63000.0,1.543848265,0.3029030297,5.153402672
63060.0,2.774538869,0.5443645262,5.158962675
63120.0,0.09073712739,0.01780262439,5.163703857
63180.0,2.224630119,0.4364724293,5.168916625
63240.0,1.339645371,0.2628384218,5.173783875
63300.0,0.1782205865,0.03496687907,5.178454382
63360.0,0.6484205153,0.1272201051,5.183537992
63420.0,1.140690598,0.2238034954,5.188519928
63480.0,2.359254689,0.46288577,5.193484392
63540.0,0.8435608366,0.1655066361,5.199511028
63600.0,2.727578828,0.535150966,5.204644203
63660.0,0.9081549776,0.1781800066,5.209349038
63720.0,2.278684554,0.4470779096,5.215034799
63780.0,1.164237277,0.2284233538,5.219930394
63840.0,0.03587197281,0.007038081065,5.224805042
63900.0,2.380202212,0.4669956741,5.230018941
63960.0,0.5050051246,0.09908200545,5.235383366
64020.0,1.061069365,0.2081818095,5.240373407
64080.0,1.107372189,0.2172664235,5.244657214
64140.0,0.3020059629,0.05925356991,5.24917749
64200.0,2.925923383,0.5740661677,5.253744813
64260.0,1.874398678,0.3677570206,5.259368264
64320.0,0.862169197,0.1691575965,5.264546635
64380.0,1.381280847,0.2710073021,5.269643128
64440.0,2.402909887,0.4714509198,5.274319504
64500.0,1.215183159,0.2384189358,5.279052373
64560.0,0.7436821383,0.1459104355,5.284684645
64620.0,2.211920475,0.4339787973,5.290296269
64680.0,2.679537352,0.5257252284,5.295404718
64740.0,1.017798649,0.199692095,5.300396079
64800.0,0.3895596406,0.07643160148,5.30484628
64860.0,0.9672776102,0.1897798671,5.309998558
64920.0,1.686490221,0.3308893813,5.315053217
64980.0,1.759225441,0.3451600314,5.319757567
65040.0,1.187395113,0.2329669212,5.325401158
65100.0,2.320924014,0.4553652916,5.33039471
65160.0,0.213031858,0.04179685054,5.335439115
65220.0,0.2809062934,0.05511381476,5.339691988
65280.0,2.730657859,0.5357550719,5.344996277
65340.0,1.784736596,0.3501653202,5.349722169
65400.0,0.1385093338,0.02717553128,5.354311626
65460.0,0.9396970936,0.1843685698,5.35948178
65520.0,0.7851524647,0.1540469136,5.364294121
65580.0,1.472412026,0.2888872396,5.368489457
65640.0,2.732573466,0.5361309139,5.373494971
65700.0,2.021341477,0.3965871978,5.37871508
65760.0,1.946648767,0.3819324881,5.383457675
65820.0,2.500854668,0.4906676859,5.38792615
65880.0,1.177270629,0.2309804975,5.392958365
65940.0,0.7530765277,0.1477536147,5.39869455
66000.0,0.5036021485,0.09880674153,5.403070727
66060.0,0.7950867762,0.1559960255,5.407246195
66120.0,0.6074800445,0.1191875847,5.412734014
66180.0,2.119667347,0.4158787335,5.417352786
66240.0,0.7928183837,0.1555509669,5.421957195
66300.0,0.7884591013,0.1546956757,5.426497283
66360.0,2.784912784,0.5463998882,5.431454357
66420.0,1.789727789,0.3511445923,5.436853644
66480.0,1.808291179,0.3547867294,5.441589121
66540.0,0.3294057585,0.06462940981,5.446357024
66600.0,1.97377553,0.387254759,5.451492248
66660.0,1.055032567,0.2069973897,5.456903946
66720.0,1.912802538,0.3752918579,5.461333508
66780.0,2.982315539,0.5851303088,5.466309075
66840.0,0.7140081592,0.1400884008,5.471230919
66900.0,2.554925435,0.5012763704,5.476017122
66960.0,2.928824103,0.574635289,5.481050095
67020.0,1.452867847,0.2850526716,5.485957092
67080.0,0.2525400409,0.04954835602,5.490600765
67140.0,1.963519212,0.3852424694,5.495226118
67200.0,2.002462226,0.3928830888,5.50004329
67260.0,1.251535223,0.2455512107,5.505018179
67320.0,0.2248057702,0.04410689211,5.509639316
67380.0,1.905714562,0.373901197,5.514379492
67440.0,0.5557089854,0.1090301029,5.519173596
67500.0,2.710199539,0.5317411495,5.52440842
67560.0,2.048142789,0.4018456152,5.529879437
67620.0,0.6570822475,0.128919537,5.534973738
67680.0,2.784887889,0.5463950038,5.539325665
67740.0,1.102208037,0.2162532169,5.544520626
67800.0,2.846168756,0.5584183098,5.54994004
67860.0,2.802903394,0.5499296458,5.555338839
67920.0,2.223940566,0.436337139,5.560588981
67980.0,2.093389269,0.4107229746,5.564809517
68040.0,1.158196723,0.2272381971,5.570015077
68100.0,1.55164665,0.3044330727,5.574630336
68160.0,0.6272534615,0.1230671291,5.579318022
68220.0,2.520617269,0.4945451082,5.584152358
68280.0,0.2424864445,0.04757584041,5.588404858
68340.0,0.09483968792,0.01860754677,5.593079739
68400.0,1.279615158,0.251060494,5.598526412
68460.0,1.956116424,0.3837900424,5.603613919
68520.0,0.4958725286,0.09729019011,5.608854925
68580.0,2.8137184,0.5520515501,5.614137529
68640.0,2.420179794,0.4748392755,5.619011228
68700.0,2.561329816,0.5025329099,5.623429013
68760.0,2.934303118,0.5757102717,5.62864211
68820.0,1.717081378,0.3368913665,5.633829141
68880.0,2.374986087,0.4659722704,5.638648415
68940.0,1.44661504,0.2838258708,5.643066686
69000.0,0.7082130354,0.1389513975,5.648091673
69060.0,0.1490764298,0.02924879553,5.652062804
69120.0,0.5908283578,0.1159205238,5.657152704
69180.0,1.932162962,0.3790903731,5.662004093
69240.0,1.146719554,0.2249863765,5.667171091
69300.0,2.764782205,0.5424502686,5.672678489
69360.0,2.068157397,0.4057724813,5.678146431
69420.0,0.3059209188,0.06002168427,5.68281961
69480.0,1.967641857,0.3860513323,5.687460523
69540.0,2.1858875,0.4288711274,5.692300467
69600.0,0.7168309822,0.1406422387,5.696806579
69660.0,0.7652294242,0.150138013,5.701910318
69720.0,0.3481446736,0.06830598495,5.706517442
69780.0,0.2514492739,0.04933434754,5.710839853
69840.0,2.423163446,0.4754246682,5.715752556
69900.0,1.614601892,0.3167848912,5.720862978
69960.0,1.803844048,0.3539142021,5.725787479
70020.0,2.759534927,0.5414207526,5.730212746
70080.0,2.859830204,0.5610986861,5.734467513
70140.0,1.380838441,0.270920502,5.739197383
70200.0,0.1125549693,0.02208328497,5.744129235
70260.0,0.2976003464,0.05838918797,5.748741296
70320.0,2.172765599,0.4262966104,5.753879153
70380.0,0.4262713251,0.08363443398,5.759179771
70440.0,2.460614141,0.4827724944,5.764135654
70500.0,2.928609522,0.5745931882,5.768847543
70560.0,1.400669325,0.2748113215,5.773519486
70620.0,2.870624116,0.5632164516,5.779037799
70680.0,0.1186845856,0.02328591569,5.783908171
70740.0,1.34401503,0.2636957489,5.7885657
70800.0,2.299180834,0.4510992797,5.793276498
70860.0,2.35716801,0.4624763635,5.797717948
70920.0,2.573759738,0.5049716605,5.802677429
70980.0,1.822939456,0.3576607212,5.80829461
71040.0,2.859624519,0.5610583306,5.813179956
71100.0,0.8687459595,0.1704479573,5.817825238
71160.0,0.0248576925,0.004877079269,5.82260294
71220.0,1.175955383,0.2307224461,5.827515383
71280.0,1.789269129,0.3510546031,5.832816918
71340.0,1.784594558,0.3501374523,5.837804441
71400.0,2.362373479,0.4634976765,5.842491682
71460.0,2.203866285,0.4323985652,5.846787328
71520.0,1.405555323,0.2757699544,5.852184379
71580.0,1.784997661,0.3502165411,5.857469598
71640.0,2.091180577,0.4102896292,5.862287364
71700.0,2.86116753,0.5613610695,5.866986142
71760.0,0.2501516778,0.04907975918,5.871879501
71820.0,0.699606693,0.1372628332,5.876615924
71880.0,0.7217149647,0.1416004761,5.881903878
71940.0,1.562763915,0.3066142801,5.8863686
72000.0,2.418422956,0.4744945839,5.891716514
72060.0,0.1561772926,0.03064198482,5.896519744
72120.0,0.3489217634,0.06845844997,5.902098265
72180.0,2.657372262,0.5213764378,5.907186173
72240.0,2.414533731,0.4737315181,5.91268838
72300.0,0.2699419764,0.05296261576,5.917512923
72360.0,2.967355721,0.5821951925,5.922801648
72420.0,2.851208515,0.5594071105,5.927267123
72480.0,0.7725724555,0.1515787158,5.931346857
72540.0,2.650925292,0.5201115424,5.936693834
72600.0,1.170360348,0.2296247002,5.940904303
72660.0,0.9799446912,0.1922651484,5.946625431
72720.0,2.771278851,0.5437249105,5.952515912
72780.0,0.9556725967,0.1875029635,5.95721605
72840.0,2.796774775,0.5487272108,5.962747488
72900.0,1.427714224,0.2801175307,5.967607655
72960.0,0.9299101824,0.1824483778,5.973043208
73020.0,1.872513136,0.3673870773,5.977256358
73080.0,2.213911785,0.4343694921,5.982052699
73140.0,2.604980005,0.5110970769,5.987249089
73200.0,2.526573827,0.4957137848,5.992081013
73260.0,0.5285254265,0.1036966887,5.997093464
73320.0,2.223911063,0.4363313506,6.00135569
73380.0,1.813110354,0.3557322515,6.006048736
73440.0,2.351636178,0.4613910182,6.01097406
73500.0,2.81788809,0.5528696433,6.015726255
73560.0,0.1966894494,0.03859046997,6.020057473
73620.0,2.043483386,0.4009314403,6.024562367
73680.0,1.349012129,0.2646761798,6.029212017
73740.0,0.6113236155,0.1199416934,6.034413163
73800.0,1.250768374,0.2454007549,6.039007071
73860.0,1.630583885,0.3199205581,6.044252265
73920.0,2.220340979,0.4356309002,6.049102248
73980.0,1.799677188,0.3530966643,6.054166677
74040.0,2.687378913,0.5272637428,6.059339569
74100.0,0.6834341931,0.1340897887,6.063898422
74160.0,0.2755744006,0.0540676974,6.068478444
74220.0,1.742446799,0.341868062,6.072545457
74280.0,1.581722101,0.3103338762,6.077304485
74340.0,0.7708982232,0.1512502314,6.081865946
74400.0,1.097808517,0.215390031,6.086199757
74460.0,1.545799156,0.3032857943,6.091064656
74520.0,2.428160138,0.476405019,6.096030066
74580.0,0.6366405409,0.1249088741,6.101431531
74640.0,1.377862587,0.2703366396,6.106738861
74700.0,1.351348362,0.2651345486,6.111677426
74760.0,0.6963291954,0.1366197881,6.11653058
74820.0,1.21128802,0.2376547096,6.121135281
74880.0,2.029492049,0.3981863399,6.125960277
74940.0,2.901673359,0.5693083131,6.130928419
75000.0,0.9531759485,0.1870131211,6.136116144
75060.0,2.224031412,0.436354963,6.141128582
75120.0,0.9510033943,0.186586866,6.146512689
75180.0,0.09162342698,0.01797651637,6.151134562
75240.0,0.4196047951,0.0823264608,6.156479509
75300.0,1.747523672,0.3428641444,6.161442243
75360.0,1.590471123,0.3120504344,6.165637011
75420.0,2.039013641,0.4000544764,6.170742193
75480.0,2.870913349,0.5632731991,6.175973306
75540.0,2.020117624,0.3963470778,6.180828716
75600.0,1.559663372,0.3060059535,6.185647192
75660.0,2.622165588,0.5144688884,6.190657382
75720.0,0.4977447664,0.09765752317,6.195542368
75780.0,2.745955495,0.5387564681,6.200420729
75840.0,2.211617063,0.4339192678,6.204994468
75900.0,2.788303089,0.5470650662,6.20964209
75960.0,2.35255843,0.4615719639,6.214763549
76020.0,0.1703211266,0.03341700504,6.219163609
76080.0,2.411946924,0.4732239865,6.224149721
76140.0,0.8004448617,0.1570472819,6.22888308
76200.0,0.5983790307,0.1174019658,6.233915533
76260.0,1.071138267,0.2101573281,6.238828284
76320.0,0.9159410388,0.1797076318,6.243669704
76380.0,2.159734221,0.4237398542,6.2490286
76440.0,2.236923756,0.438884441,6.254000594
76500.0,1.929288991,0.3785265,6.259101856
76560.0,1.598348145,0.3135959061,6.264236071
76620.0,1.93734931,0.3801079347,6.268705308
76680.0,0.4428133431,0.08687997792,6.273772108
76740.0,1.97117046,0.3867436442,6.278407134
76800.0,1.221618224,0.2396814955,6.283337784
76860.0,1.594427527,0.3128266808,6.288865355
76920.0,2.771678652,0.5438033515,6.293856835
76980.0,1.877674431,0.3683997234,6.298891594
77040.0,1.754821634,0.3442960047,6.303428254
77100.0,2.371591732,0.4653062979,6.308811415
77160.0,1.747200336,0.3428007059,6.31391515
77220.0,2.414744769,0.4737729237,6.318255408
77280.0,2.553901804,0.5010755339,6.323059374
77340.0,2.150636008,0.4219547847,6.327716208
77400.0,2.876117282,0.5642942107,6.332743983
77460.0,2.027357941,0.3977676281,6.338311028
77520.0,1.171095769,0.2297689899,6.343416211
77580.0,2.03871686,0.3999962479,6.348769577
77640.0,0.4158972735,0.08159904506,6.353323256
77700.0,2.150064852,0.421842724,6.358185558
77760.0,2.641862873,0.5183334958,6.362960401
77820.0,0.4627341599,0.09078844217,6.367852252
77880.0,2.666950105,0.5232556105,6.372432325
77940.0,0.2855722821,0.05602928176,6.376766172
78000.0,1.304618555,0.2559661605,6.381281217
78060.0,1.906770011,0.3741082762,6.386222511
78120.0,1.847814859,0.3625412754,6.39161553
78180.0,2.9387432,0.5765814158,6.396530571
78240.0,1.844678046,0.3619258327,6.401251509
78300.0,0.9875456252,0.1937564517,6.405525687
78360.0,2.561105642,0.502488927,6.410115381
78420.0,2.067216235,0.4055878254,6.415007821
78480.0,1.224002374,0.2401492657,6.419889412
78540.0,0.5958019028,0.1168963333,6.425351294
78600.0,2.522301235,0.4948755024,6.430004296
78660.0,2.712540167,0.5322003808,6.434956444
78720.0,1.804751924,0.3540923276,6.43985671
78780.0,1.395838577,0.2738635289,6.444079665
78840.0,2.142475432,0.4203536797,6.448360889
78900.0,2.432288903,0.4772150827,6.45332422
78960.0,0.1671214009,0.03278921886,6.45845763
79020.0,2.132608329,0.4184177542,6.464193896
79080.0,1.302416807,0.2555341776,6.468595754
79140.0,1.18625995,0.2327442022,6.473553737
79200.0,1.646789354,0.3231000712,6.478207768
79260.0,1.736032518,0.34060958,6.482737896
79320.0,0.239553359,0.04700036903,6.487502091
79380.0,1.209667918,0.2373368456,6.492759763
79440.0,2.936950013,0.5762295926,6.498382047
79500.0,0.1267504076,0.02486842997,6.503032298
79560.0,0.8338457078,0.1636005279,6.507276224
79620.0,1.93037153,0.3787388941,6.511875225
79680.0,0.4831745636,0.09479884937,6.516926683
79740.0,0.05367983004,0.01053198265,6.522455532
79800.0,1.060380515,0.2080466571,6.526884944
79860.0,0.08037445486,0.01576946804,6.531860943
79920.0,2.251906677,0.4418240901,6.536635127
79980.0,0.9961650648,0.1954475857,6.54117349
80040.0,1.581316559,0.3102543088,6.54605134
80100.0,2.437888026,0.4783136306,6.551705526
80160.0,1.110219342,0.217825035,6.555864415
80220.0,2.097261821,0.4114827694,6.561179031
80280.0,2.795651655,0.5485068547,6.566157107
80340.0,1.766345959,0.3465570771,6.571162783
80400.0,2.112203632,0.4144143527,6.576184914
80460.0,2.1113005,0.4142371582,6.580982937
80520.0,0.6875092242,0.1348893098,6.585891569
80580.0,1.128205524,0.2213539238,6.590726206
80640.0,0.9373801983,0.1839139949,6.595401766
80700.0,2.863791405,0.5618758736,6.600753732
80760.0,1.528140844,0.2998212335,6.605667052
80820.0,0.5082939282,0.09972726871,6.610672149
80880.0,1.549591399,0.3040298324,6.615936807
80940.0,1.37676646,0.2701215795,6.620733536
81000.0,0.818925279,0.1606731397,6.62507487
81060.0,1.092759974,0.214399507,6.629760398
81120.0,0.5211154348,0.1022428483,6.634370746
81180.0,1.500254161,0.2943498664,6.638902654
81240.0,1.512290923,0.2967114791,6.643668602
81300.0,1.01593135,0.1993257308,6.648090375
81360.0,2.625547288,0.515132378,6.653081235
81420.0,1.281581838,0.2514463565,6.658209086
81480.0,0.03899825844,0.007651458306,6.662970745
81540.0,1.924605558,0.3776076104,6.668132656
81600.0,1.967837337,0.3860896855,6.673636623
81660.0,2.920034889,0.5729108452,6.678960161
81720.0,2.206899118,0.4329936069,6.683873842
81780.0,2.814933299,0.5522899133,6.688815517
81840.0,2.630506741,0.5161054227,6.693247014
81900.0,2.355456617,0.4621405883,6.697837206
81960.0,1.043540931,0.2047427306,6.70253533
82020.0,1.061589904,0.2082839393,6.707339079
82080.0,1.372115056,0.269208974,6.712686029
82140.0,0.4058984439,0.0796372747,6.717329988
82200.0,1.713592314,0.336206812,6.722003949
82260.0,2.465094303,0.4836515022,6.726717104
82320.0,1.616160233,0.3170906377,6.731124826
82380.0,2.727249785,0.5350864078,6.736163758
82440.0,2.42704598,0.4761864212,6.741137412
82500.0,0.6874011385,0.1348681034,6.746077153
82560.0,1.41512192,0.2776469208,6.751117653
82620.0,2.965580055,0.5818468068,6.755980146
82680.0,2.02893674,0.3980773885,6.760466521
82740.0,2.424715915,0.4757292626,6.765944347
82800.0,2.531500862,0.4966804691,6.770277672
82860.0,2.485519078,0.4876588431,6.774847654
82920.0,1.357363135,0.2663146471,6.780494335
82980.0,2.913160181,0.5715620275,6.785892608
83040.0,2.979735108,0.5846240282,6.7907923
83100.0,1.571753188,0.3083779754,6.795983749
83160.0,0.3596131192,0.07055609399,6.80118469
83220.0,0.4623378541,0.09071068698,6.805274232
83280.0,2.700749204,0.5298869938,6.810705593
83340.0,2.561925133,0.5026497111,6.81550953
83400.0,2.675012241,0.5248374017,6.820690165
83460.0,2.594045182,0.5089516647,6.825418552
83520.0,2.261981947,0.4438008581,6.829611836
83580.0,2.656787363,0.5212616806,6.835066872
83640.0,1.703318144,0.3341910199,6.840169506
83700.0,2.042641382,0.4007662391,6.844939052
83760.0,1.215774267,0.2385349111,6.849202169
83820.0,0.7156010038,0.1404009169,6.854332305
83880.0,0.6790809687,0.1332356861,6.859138869
83940.0,0.7189389767,0.1410558272,6.864187002
84000.0,1.028671415,0.2018253315,6.869077109
84060.0,1.001185881,0.1964326698,6.874152125
84120.0,1.359805973,0.2667939319,6.878647978
84180.0,1.841609652,0.3613238138,6.883147852
84240.0,0.5032412573,0.09873593469,6.88828154
84300.0,2.375214349,0.4660170553,6.893515022
84360.0,1.392289072,0.273167116,6.899249254
84420.0,2.530258391,0.4964366962,6.904043895
84480.0,1.191084081,0.2336906967,6.908549675
84540.0,0.3197945406,0.06274368886,6.913552352
84600.0,0.7497042022,0.1470919645,6.918800192
84660.0,0.6643992359,0.1303551301,6.923496201
84720.0,2.129736181,0.4178542387,6.927848569
84780.0,2.944531538,0.5777170878,6.933142014
84840.0,0.7517924249,0.1475016738,6.937805761
84900.0,1.262510543,0.2477045686,6.943230844
84960.0,2.107069427,0.4134070216,6.947286656
85020.0,2.162135784,0.4242110408,6.951402175
85080.0,1.715877484,0.3366551624,6.956042258
85140.0,2.489323018,0.4884051761,6.961388496
85200.0,1.866988188,0.3663030824,6.965836736
85260.0,2.613675135,0.5128030615,6.970841832
85320.0,0.3642574787,0.07146731731,6.975688011
85380.0,2.078204827,0.4077437871,6.98056994
85440.0,1.201671145,0.2357678787,6.985806482
85500.0,0.7841383889,0.1538479519,6.990198854
85560.0,0.6012035406,0.1179561347,6.995129689
85620.0,2.659171944,0.5217295354,6.999787474
85680.0,1.578212488,0.3096452901,7.004592879
85740.0,1.104643906,0.2167311343,7.010113424
85800.0,0.9982445413,0.195855579,7.015693152
85860.0,2.424536293,0.4756940207,7.019993356
85920.0,1.952485325,0.3830776208,7.024950846
85980.0,1.991518306,0.3907358916,7.030542098
86040.0,0.771212777,0.1513119468,7.035904368
86100.0,0.3375477062,0.06622685995,7.040570259
86160.0,1.705799056,0.3346777749,7.045491644
86220.0,1.271130475,0.2493957992,7.049954688
86280.0,1.278396271,0.2508213483,7.05463379
86340.0,2.368569583,0.4647133522,7.059187684
