time_s,vib_power_W,power_W,energy_Wh_cumulative
0.0,0.003119045055,0.006238090111,1.732802809e-06
60.0,0.03052135625,0.0610427125,0.0004016480127
120.0,0.02085973383,0.04171946765,0.0008794806831
180.0,0.01314416675,0.02628833351,0.001228901302
240.0,0.03084825155,0.0616965031,0.001737960287
300.0,0.01125486579,0.02250973158,0.00216114965
360.0,0.01815102948,0.03630205895,0.00253905218
420.0,0.03377822615,0.06755645231,0.00304593112
480.0,0.009000166163,0.01800033233,0.003491755778
540.0,0.002902868912,0.005805737823,0.004016254008
600.0,0.01469201762,0.02938403525,0.004464474159
660.0,0.01064824083,0.02129648167,0.004881023572
720.0,0.02829072083,0.05658144166,0.005293522797
780.0,0.0116723349,0.02334466979,0.005778680671
840.0,0.0063680618,0.0127361236,0.006265610376
900.0,0.00450272558,0.00900545116,0.006615062313
960.0,0.008119771505,0.01623954301,0.007105275326
1020.0,0.01115030105,0.0223006021,0.007489688267
1080.0,0.02516517555,0.05033035111,0.007909290215
1140.0,0.01568585423,0.03137170846,0.008222469991
1200.0,0.005128811316,0.01025762263,0.008659063648
1260.0,0.01172053847,0.02344107694,0.009079863904
1320.0,0.007749224981,0.01549844996,0.009494877862
1380.0,0.02832984139,0.05665968279,0.009918971077
1440.0,0.0007682528709,0.001536505742,0.01034440731
1500.0,0.004486524655,0.008973049311,0.01075945251
1560.0,0.003591000933,0.007182001865,0.01114464837
1620.0,0.02765242653,0.05530485305,0.01162877799
1680.0,0.01703753182,0.03407506364,0.01202474213
1740.0,0.0111619576,0.02232391521,0.01240784147
1800.0,0.005745375921,0.01149075184,0.01278361111
1860.0,0.01922178291,0.03844356581,0.0131280627
1920.0,0.03116567097,0.06233134193,0.0135713031
1980.0,0.006863495659,0.01372699132,0.01396157896
2040.0,0.02323086651,0.04646173302,0.01438831238
2100.0,0.01999771669,0.03999543339,0.01483920153
2160.0,0.002558910158,0.005117820317,0.01526336367
2220.0,0.0008130189276,0.001626037855,0.0155741895
2280.0,0.007435219364,0.01487043873,0.01595433122
2340.0,0.004586993772,0.009173987543,0.01639897956
2400.0,0.01053235865,0.0210647173,0.01678114658
2460.0,0.01825305454,0.03650610908,0.017222228
2520.0,0.0285532294,0.0571064588,0.01767429548
2580.0,0.01477901404,0.02955802809,0.01803612056
2640.0,0.02279137883,0.04558275766,0.01845497071
2700.0,0.02555278071,0.05110556143,0.01886932762
2760.0,0.02328827314,0.04657654628,0.01933322303
2820.0,0.02643429904,0.05286859808,0.01975886357
2880.0,0.02270571236,0.04541142471,0.02023447636
2940.0,0.009608886198,0.0192177724,0.02061242516
3000.0,0.02041981617,0.04083963235,0.02100188252
3060.0,0.0269763456,0.05395269119,0.02141310194
3120.0,0.008942755711,0.01788551142,0.0218902053
3180.0,0.002464447481,0.004928894961,0.02235781723
3240.0,0.003343161321,0.006686322642,0.02272610069
3300.0,0.02416010155,0.04832020309,0.02322531576
3360.0,0.01309782176,0.02619564352,0.02363864607
3420.0,0.01309309589,0.02618619177,0.02396434643
3480.0,0.03404835236,0.06809670472,0.02436084774
3540.0,0.01023059158,0.02046118316,0.02475957887
3600.0,0.0003536307597,0.0007072615194,0.02515112973
3660.0,0.006232163747,0.01246432749,0.02554859033
3720.0,0.01112389325,0.0222477865,0.02592533404
3780.0,0.02204702764,0.04409405528,0.02636413266
3840.0,0.03151774547,0.06303549094,0.02686877385
3900.0,0.00889823143,0.01779646286,0.02728651741
3960.0,0.030919928,0.06183985601,0.02764324792
4020.0,0.03229007527,0.06458015053,0.02803286435
4080.0,0.004742425769,0.009484851537,0.02841328159
4140.0,0.01328150067,0.02656300134,0.02879258779
4200.0,0.01932766989,0.03865533977,0.02921511719
4260.0,0.02807434167,0.05614868333,0.02968134415
4320.0,0.0009258585283,0.001851717057,0.03005951582
4380.0,0.003106996703,0.006213993407,0.03046110822
4440.0,0.009878760742,0.01975752148,0.03091802001
4500.0,0.01291085898,0.02582171796,0.03139170607
4560.0,0.001915854958,0.003831709916,0.03186843165
4620.0,0.006422780998,0.012845562,0.03227073998
4680.0,0.0006990612555,0.001398122511,0.03267829611
4740.0,0.006706321716,0.01341264343,0.03307595084
4800.0,0.00925705679,0.01851411358,0.03346060772
4860.0,0.003424004065,0.00684800813,0.03387189409
4920.0,0.03367781911,0.06735563823,0.03424477358
4980.0,0.003214177101,0.006428354203,0.03471301543
5040.0,0.005894750559,0.01178950112,0.03517717074
5100.0,0.00466785068,0.00933570136,0.03553406689
5160.0,0.02141184918,0.04282369836,0.0359060792
5220.0,0.007512747093,0.01502549419,0.03634347066
5280.0,0.004983537542,0.009967075085,0.03681643916
5340.0,0.001130528407,0.002261056814,0.03717676276
5400.0,0.02910940534,0.05821881067,0.03766557714
5460.0,0.02101776759,0.04203553519,0.03808997735
5520.0,0.01073229798,0.02146459596,0.0386380883
5580.0,0.0003589221171,0.0007178442342,0.03905914818
5640.0,0.03404802724,0.06809605449,0.03944079046
5700.0,0.005963656278,0.01192731256,0.03981573563
5760.0,0.01319228646,0.02638457292,0.04019337848
5820.0,0.01850249917,0.03700499835,0.0405822013
5880.0,0.02788104647,0.05576209294,0.04096420868
5940.0,0.01132593946,0.02265187892,0.04145481752
6000.0,0.03398525599,0.06797051198,0.04188161819
6060.0,0.001847542894,0.003695085788,0.04219845574
6120.0,0.01397998219,0.02795996439,0.04257484719
6180.0,0.008009733282,0.01601946656,0.04302005584
6240.0,0.006576154368,0.01315230874,0.04352275312
6300.0,0.02526590778,0.05053181555,0.04404265677
6360.0,0.01674543214,0.03349086428,0.0444541164
6420.0,0.01808556673,0.03617113346,0.04487966974
6480.0,0.00280754932,0.005615098639,0.04534208048
6540.0,0.02802362152,0.05604724305,0.04573794796
6600.0,0.01592273332,0.03184546664,0.04621665308
6660.0,0.005538068144,0.01107613629,0.04667804534
6720.0,0.02229700535,0.0445940107,0.04706223091
6780.0,0.03129935885,0.06259871769,0.04750052122
6840.0,0.001036468739,0.002072937477,0.04786882634
6900.0,0.00372486877,0.00744973754,0.04819768658
6960.0,0.02379867771,0.04759735541,0.04873146801
7020.0,0.01802616359,0.03605232718,0.04914207998
7080.0,0.0104242862,0.02084857241,0.04959408886
7140.0,0.02686610288,0.05373220576,0.0499475968
7200.0,0.03170616746,0.06341233492,0.05037000477
7260.0,0.00487641289,0.009752825781,0.05074696011
7320.0,0.02517920044,0.05035840088,0.05122124173
7380.0,0.01423979474,0.02847958947,0.05164169752
7440.0,0.00152453393,0.00304906786,0.05204248454
7500.0,0.02227472202,0.04454944404,0.05244939282
7560.0,0.009624391555,0.01924878311,0.05279762688
7620.0,0.0323189605,0.06463792101,0.05319493798
7680.0,0.005966103545,0.01193220709,0.05360613026
7740.0,0.007213126629,0.01442625326,0.05402948374
7800.0,0.00232559274,0.004651185481,0.05443634925
7860.0,0.03248790693,0.06497581386,0.05477290579
7920.0,0.005440332881,0.01088066576,0.05523261677
7980.0,0.02748968869,0.05497937737,0.05570478712
8040.0,0.000470326175,0.00094065235,0.05614263803
8100.0,0.0007890925491,0.001578185098,0.05659475245
8160.0,0.01951470395,0.0390294079,0.05702614748
8220.0,0.01157382039,0.02314764079,0.05749507339
8280.0,0.008204810155,0.01640962031,0.05792260731
8340.0,0.01181573291,0.02363146583,0.0582895204
8400.0,0.004812567308,0.009625134617,0.05874160171
8460.0,0.003298327237,0.006596654474,0.05914182612
8520.0,0.005263944482,0.01052788896,0.0595475533
8580.0,0.01496382203,0.02992764407,0.05996102853
8640.0,0.01054156368,0.02108312736,0.06031956181
8700.0,0.01239854307,0.02479708613,0.06072759462
8760.0,0.008712790873,0.01742558175,0.06115212646
8820.0,0.005860440587,0.01172088117,0.0615884834
8880.0,0.003148104591,0.006296209182,0.0619231713
8940.0,0.02495844658,0.04991689316,0.06234395129
9000.0,0.002714136349,0.005428272698,0.06273970584
9060.0,0.01032401652,0.02064803303,0.0631875957
9120.0,0.02312274901,0.04624549803,0.06361389987
9180.0,0.0005212624046,0.001042524809,0.0640687679
9240.0,0.008546527179,0.01709305436,0.06447612737
9300.0,0.001972987885,0.003945975769,0.06489238568
9360.0,0.01570566067,0.03141132134,0.06532716612
9420.0,0.03352928755,0.0670585751,0.06578200523
9480.0,0.006764306665,0.01352861333,0.06616732207
9540.0,0.003063464345,0.00612692869,0.06656556776
9600.0,0.00333570754,0.006671415081,0.06701005766
9660.0,0.008252955811,0.01650591162,0.06752208698
9720.0,0.005437705818,0.01087541164,0.0679239898
9780.0,0.0100354707,0.02007094141,0.06834722609
9840.0,0.0340435922,0.06808718439,0.06876481825
9900.0,0.03407713703,0.06815427405,0.06922680711
9960.0,0.006222949817,0.01244589963,0.06966598773
10020.0,0.01058401327,0.02116802654,0.07009861095
10080.0,0.02809723832,0.05619447664,0.07059636813
10140.0,0.02615618081,0.05231236161,0.07102786458
10200.0,0.006272812449,0.0125456249,0.07139581814
10260.0,0.003273608661,0.006547217321,0.07175903101
10320.0,0.005969670182,0.01193934036,0.0721684209
10380.0,0.001519043518,0.003038087036,0.07257630247
10440.0,0.02560675626,0.05121351253,0.07309336652
10500.0,0.0008295787138,0.001659157428,0.07351765259
10560.0,0.02396905845,0.04793811691,0.07398328164
10620.0,0.00864066962,0.01728133924,0.07436336265
10680.0,0.01424487653,0.02848975305,0.07481504359
10740.0,0.02448597042,0.04897194083,0.0752621994
10800.0,0.004381352371,0.008762704742,0.07567874909
10860.0,0.01759797491,0.03519594981,0.07603691418
10920.0,0.02777941918,0.05555883837,0.0764227126
10980.0,0.000818704697,0.001637409394,0.07688248639
11040.0,0.003514824377,0.007029648754,0.07741318463
11100.0,0.002684102016,0.005368204033,0.07785129149
11160.0,0.02576982264,0.05153964528,0.0782383549
11220.0,0.006621137757,0.01324227551,0.07861082957
11280.0,0.01551451878,0.03102903756,0.07902951848
11340.0,0.006154697729,0.01230939546,0.07944412822
11400.0,0.01441695589,0.02883391179,0.07983550114
11460.0,0.002299481097,0.004598962193,0.080260821
11520.0,0.001500807245,0.003001614491,0.08069964973
11580.0,0.001336815308,0.002673630616,0.08107241188
11640.0,0.006355025244,0.01271005049,0.08150447297
11700.0,0.00990087915,0.0198017583,0.08195368773
11760.0,0.002239869443,0.004479738887,0.08238202376
11820.0,0.02172718342,0.04345436684,0.08282124206
11880.0,0.00295859386,0.00591718772,0.08330740364
11940.0,0.01681505532,0.03363011065,0.08382680926
12000.0,0.008705109303,0.01741021861,0.084228539
12060.0,0.01858312197,0.03716624393,0.08465499233
12120.0,0.003221043027,0.006442086054,0.08511012622
12180.0,0.00374570062,0.007491401239,0.08550769284
12240.0,0.02925666671,0.05851333342,0.08597346537
12300.0,0.004920316479,0.009840632957,0.08640423399
12360.0,0.03436968482,0.06873936964,0.08686252644
12420.0,0.008410355029,0.01682071006,0.08736027593
12480.0,0.004623144958,0.009246289916,0.08775995879
12540.0,0.03087146232,0.06174292463,0.08821520145
12600.0,0.01218908333,0.02437816666,0.08861439296
12660.0,0.001008721542,0.002017443085,0.08907342119
12720.0,0.003602482642,0.007204965285,0.0895225085
12780.0,0.002900244368,0.005800488736,0.0900027503
12840.0,0.009540805288,0.01908161058,0.09041277056
12900.0,0.003756002214,0.007512004428,0.09078438807
12960.0,0.02861608954,0.05723217908,0.09124533306
13020.0,0.02164300415,0.04328600831,0.0916130502
13080.0,0.0004192930513,0.0008385861026,0.09203854259
13140.0,0.001854891937,0.003709783874,0.09243560082
13200.0,0.004749141949,0.009498283898,0.09292152261
13260.0,0.02501396351,0.05002792702,0.09344064266
13320.0,0.01826223178,0.03652446356,0.09384416849
13380.0,0.00289374717,0.00578749434,0.09427891406
13440.0,0.02170715695,0.04341431389,0.09477928049
13500.0,0.03298623425,0.0659724685,0.09516886875
13560.0,0.003262567722,0.006525135443,0.09556741041
13620.0,0.0008777082875,0.001755416575,0.09597212468
13680.0,0.01021837454,0.02043674907,0.09641330871
13740.0,0.02795670819,0.05591341637,0.09682459002
13800.0,0.006177880881,0.01235576176,0.09730237747
13860.0,0.001436862553,0.002873725106,0.09774029883
13920.0,0.007112952254,0.01422590451,0.0981898963
13980.0,0.02073784346,0.04147568691,0.09856529448
14040.0,0.00433765729,0.00867531458,0.09908020979
14100.0,0.01098496239,0.02196992477,0.09952251511
14160.0,0.01335351827,0.02670703654,0.09997528045
14220.0,0.0006527821462,0.001305564292,0.1004133726
14280.0,0.0005269598369,0.001053919674,0.1007747107
14340.0,0.02604017662,0.05208035323,0.1011730947
14400.0,0.0006838889844,0.001367777969,0.1015974713
14460.0,0.009036547185,0.01807309437,0.1019585512
14520.0,0.002751689488,0.005503378976,0.1023703775
14580.0,0.004850468463,0.009700936927,0.1027616754
14640.0,0.0197436513,0.03948730259,0.1031750445
14700.0,0.01905666089,0.03811332178,0.1036976635
14760.0,0.02456558223,0.04913116445,0.1041173823
14820.0,0.0006649527634,0.001329905527,0.1045626354
14880.0,0.0102148759,0.0204297518,0.1050377537
14940.0,0.01256211252,0.02512422504,0.105478528
15000.0,0.005417959571,0.01083591914,0.105918202
15060.0,0.02682751224,0.05365502447,0.1063200465
15120.0,0.02174049572,0.04348099143,0.1067390141
15180.0,0.004870993687,0.009741987374,0.1071856584
15240.0,0.01787304902,0.03574609804,0.1076043076
15300.0,0.02534749896,0.05069499792,0.1080666492
15360.0,0.01579495862,0.03158991725,0.1085491725
15420.0,0.004344572282,0.008689144565,0.1089521826
15480.0,0.004824577959,0.009649155917,0.109306216
15540.0,0.009086511196,0.01817302239,0.1098162299
15600.0,0.003925884207,0.007851768414,0.1101842956
15660.0,0.007913998127,0.01582799625,0.1106255503
15720.0,0.008571474498,0.017142949,0.1110885921
15780.0,0.01665178841,0.03330357682,0.1115063119
15840.0,0.01117607877,0.02235215755,0.1119590575
15900.0,0.01871557702,0.03743115404,0.1124678512
15960.0,0.03079408037,0.06158816073,0.1129496204
16020.0,0.0007910913697,0.001582182739,0.1134067698
16080.0,0.008007322244,0.01601464449,0.1139444787
16140.0,0.0063639668,0.0127279336,0.1143661399
16200.0,0.02231231702,0.04462463404,0.1148281621
16260.0,0.009925192065,0.01985038413,0.1152457256
16320.0,0.003123526477,0.006247052954,0.115657821
16380.0,0.009223257848,0.0184465157,0.1161396044
16440.0,0.03432117515,0.0686423503,0.1165090576
16500.0,0.01616818619,0.03233637238,0.116942294
16560.0,0.001110815128,0.002221630255,0.117328817
16620.0,0.01828142273,0.03656284545,0.1177473085
16680.0,0.01517554922,0.03035109844,0.1181273264
16740.0,0.0005536021923,0.001107204385,0.118595398
16800.0,0.000508776017,0.001017552034,0.119007622
16860.0,0.0288493117,0.05769862341,0.1193587417
16920.0,0.0337573068,0.0675146136,0.1197882333
16980.0,0.00205799487,0.004115989741,0.1202459086
17040.0,0.001258181675,0.002516363351,0.1207376034
17100.0,0.0306690941,0.0613381882,0.121129346
17160.0,0.03379579349,0.06759158697,0.1217025473
17220.0,0.002427751394,0.004855502788,0.1221195173
17280.0,0.00884180047,0.01768360094,0.1224225518
17340.0,0.01483276426,0.02966552852,0.1229351685
17400.0,0.008161970668,0.01632394134,0.1233642545
17460.0,0.0260352904,0.05207058079,0.1237924639
17520.0,0.009611475253,0.01922295051,0.1242086545
17580.0,0.01524247606,0.03048495212,0.1246362357
17640.0,0.008591099431,0.01718219886,0.1250568969
17700.0,0.02943781211,0.05887562423,0.1254956424
17760.0,0.01886636673,0.03773273346,0.1259578513
17820.0,0.01605547187,0.03211094374,0.1263859719
17880.0,0.000361785378,0.0007235707561,0.126859673
17940.0,0.02396897204,0.04793794409,0.1272518557
18000.0,0.008674871527,0.01734974305,0.1276528961
18060.0,0.009857019612,0.01971403922,0.1281215218
18120.0,0.002284014448,0.004568028896,0.128489806
18180.0,0.003080293547,0.006160587095,0.128882214
18240.0,0.0126305774,0.02526115481,0.1292409173
18300.0,0.01010935917,0.02021871834,0.1297210076
18360.0,0.003126365113,0.006252730225,0.1301201965
18420.0,0.02455102191,0.04910204382,0.1306422584
18480.0,0.01372625031,0.02745250062,0.1311059694
18540.0,0.03182078457,0.06364156915,0.1315112111
18600.0,0.003914467896,0.007828935791,0.1320066417
18660.0,0.0008815434715,0.001763086943,0.1324329643
18720.0,0.02469075567,0.04938151135,0.1328117443
18780.0,0.007250639823,0.01450127965,0.1331973666
18840.0,0.02398894207,0.04797788415,0.1336472187
18900.0,0.01819171397,0.03638342794,0.1341182235
18960.0,0.01173522525,0.0234704505,0.1345381098
19020.0,0.02162289593,0.04324579187,0.1349553196
19080.0,0.02133918432,0.04267836864,0.135436592
19140.0,0.006409209189,0.01281841838,0.1358403794
19200.0,0.01842013375,0.0368402675,0.1363819611
19260.0,0.0007546707488,0.001509341498,0.1368018762
19320.0,0.0159460869,0.03189217379,0.1372787128
19380.0,0.008164162738,0.01632832548,0.1377038786
19440.0,0.03364471189,0.06728942377,0.1381363585
19500.0,0.01357495691,0.02714991382,0.1385423357
19560.0,0.00307111471,0.00614222942,0.1389343907
19620.0,0.001680509095,0.00336101819,0.1393920217
19680.0,0.02238336846,0.04476673693,0.1397993597
19740.0,0.004916813797,0.009833627595,0.1402429319
19800.0,0.006379357947,0.01275871589,0.1407163276
19860.0,0.01414977734,0.02829955468,0.1411856928
19920.0,0.00215919016,0.004318380321,0.1415535208
19980.0,0.03087402307,0.06174804614,0.1419052465
20040.0,0.02868224414,0.05736448828,0.1422309421
20100.0,0.0007019022288,0.001403804458,0.1426879263
20160.0,0.00271042414,0.005420848279,0.1431197965
20220.0,0.007363614054,0.01472722811,0.1435541674
20280.0,0.02528886373,0.05057772745,0.1439237566
20340.0,0.02115589088,0.04231178175,0.1444337101
20400.0,0.01019923822,0.02039847644,0.1448817185
20460.0,0.03126761759,0.06253523519,0.1453401168
20520.0,0.008344935439,0.01668987088,0.1457539089
20580.0,0.0004621255878,0.0009242511757,0.1462447682
20640.0,0.001624384917,0.003248769834,0.1466568675
20700.0,0.003830475027,0.007660950054,0.1470672054
20760.0,0.0317866424,0.0635732848,0.1475022697
20820.0,0.01439153892,0.02878307783,0.1479824159
20880.0,0.03366945078,0.06733890156,0.1484080316
20940.0,0.01664899432,0.03329798864,0.1488572327
21000.0,0.01848621134,0.03697242269,0.1492700446
21060.0,0.01112671841,0.02225343683,0.149667964
21120.0,0.002516114975,0.005032229949,0.150054078
21180.0,0.01942291558,0.03884583115,0.1504746897
21240.0,0.025440801,0.050881602,0.1509326097
21300.0,0.03389853697,0.06779707394,0.1514090928
21360.0,0.0288118525,0.057623705,0.1518928017
21420.0,0.02301552282,0.04603104564,0.1522872158
21480.0,0.002512849803,0.005025699605,0.1526968015
21540.0,0.001246310764,0.002492621527,0.1531202816
21600.0,0.001110075471,0.002220150942,0.1535327052
21660.0,0.0115370661,0.0230741322,0.153983249
21720.0,0.0004749737445,0.0009499474891,0.1543728067
21780.0,0.002123317033,0.004246634067,0.1547622066
21840.0,0.001665758567,0.003331517135,0.1550937245
21900.0,0.02407090335,0.0481418067,0.1554662133
21960.0,0.01210815301,0.02421630602,0.1558236122
22020.0,0.002338037089,0.004676074177,0.1562553355
22080.0,0.008276981776,0.01655396355,0.1567711536
22140.0,0.00155941644,0.003118832881,0.1571343389
22200.0,0.03397841136,0.06795682272,0.1575754556
22260.0,0.03193238265,0.0638647653,0.1580457962
22320.0,0.02424014685,0.04848029371,0.1584413942
22380.0,0.01053031056,0.02106062111,0.1588809533
22440.0,0.01534792031,0.03069584062,0.159257958
22500.0,0.001550242768,0.003100485535,0.1596062004
22560.0,0.003364371339,0.006728742678,0.1600268988
22620.0,0.02517574393,0.05035148787,0.1604206597
22680.0,0.0134061413,0.0268122826,0.160847025
22740.0,0.01662355003,0.03324710007,0.1613009742
22800.0,0.03127292591,0.06254585183,0.1617842186
22860.0,0.01926119516,0.03852239032,0.1622311657
22920.0,0.01631572137,0.03263144274,0.1626056932
22980.0,0.0009107574614,0.001821514923,0.1630732599
23040.0,0.02164980055,0.04329960111,0.1634506006
23100.0,0.02867392068,0.05734784135,0.16390378
23160.0,0.000605804317,0.001211608634,0.1643156799
23220.0,0.006449711024,0.01289942205,0.1647725646
23280.0,0.004988361551,0.009976723102,0.1652185757
23340.0,0.0260648876,0.05212977521,0.165685011
23400.0,0.007481681049,0.0149633621,0.1661307323
23460.0,0.01974701421,0.03949402842,0.1665481774
23520.0,0.01065176916,0.02130353832,0.1669478496
23580.0,0.003668162412,0.007336324824,0.1672934638
23640.0,0.00185788543,0.003715770859,0.1677575228
23700.0,0.03079291851,0.06158583702,0.168272501
23760.0,0.03241233902,0.06482467804,0.1687924732
23820.0,0.02158588201,0.04317176402,0.1693156199
23880.0,0.0178749827,0.03574996541,0.1696770085
23940.0,0.01210242787,0.02420485573,0.170151721
24000.0,0.02358808305,0.0471761661,0.1705849731
24060.0,0.02400060436,0.04800120872,0.1709807989
24120.0,0.001595760868,0.003191521736,0.1714020831
24180.0,0.03375425532,0.06750851064,0.1718404556
24240.0,0.03409605218,0.06819210436,0.1723149965
24300.0,0.001698841674,0.003397683349,0.1727573388
24360.0,0.004214514141,0.008429028281,0.1732144822
24420.0,0.002210014177,0.004420028354,0.1737224019
24480.0,0.003302013599,0.006604027198,0.1740983992
24540.0,0.003323114981,0.006646229962,0.1744509686
24600.0,0.01767061486,0.03534122972,0.1748443722
24660.0,0.03363795429,0.06727590858,0.1752716811
24720.0,0.0136541909,0.02730838179,0.1757101918
24780.0,0.007467876733,0.01493575347,0.1761811119
24840.0,0.0005266869092,0.001053373818,0.1765564963
24900.0,0.01899173574,0.03798347149,0.1769587592
24960.0,0.001148155643,0.002296311287,0.1774098261
25020.0,0.003348886244,0.006697772488,0.1778652898
25080.0,0.002719463491,0.005438926982,0.1782466182
25140.0,0.001613819156,0.003227638312,0.1786780475
25200.0,0.006414423444,0.01282884689,0.1790507486
25260.0,0.003541113405,0.00708222681,0.1795012706
25320.0,0.02622442093,0.05244884186,0.1799463948
25380.0,0.02508807699,0.05017615398,0.1803681333
25440.0,0.01204948201,0.02409896401,0.1807776373
25500.0,0.01123498468,0.02246996935,0.1812157565
25560.0,0.00292620699,0.00585241398,0.1816457255
25620.0,0.002466278957,0.004932557914,0.182077605
25680.0,0.01961390806,0.03922781613,0.1824374558
25740.0,0.005043332552,0.0100866651,0.1828625621
25800.0,0.001820933092,0.003641866183,0.1832405518
25860.0,0.01195148982,0.02390297964,0.1836607237
25920.0,0.02386633536,0.04773267072,0.1841716874
25980.0,0.005711256279,0.01142251256,0.184658052
26040.0,0.02469191689,0.04938383378,0.1850584945
26100.0,0.01901002677,0.03802005354,0.1854988255
26160.0,0.003255588513,0.006511177027,0.1859350806
26220.0,0.0119574874,0.02391497479,0.1863417553
26280.0,0.002339857124,0.004679714249,0.1867710507
26340.0,0.02031134275,0.0406226855,0.1872899221
26400.0,0.0003920359544,0.0007840719088,0.1877056589
26460.0,0.02357370387,0.04714740774,0.188148851
26520.0,0.008120090688,0.01624018138,0.1885573638
26580.0,0.03114930189,0.06229860379,0.1890090701
26640.0,0.01010588782,0.02021177565,0.1892833871
26700.0,0.02903899561,0.05807799122,0.1896978429
26760.0,0.03126205672,0.06252411344,0.1901795486
26820.0,0.01669770729,0.03339541457,0.1906085729
26880.0,0.01458807393,0.02917614786,0.1910599413
26940.0,0.005901099414,0.01180219883,0.1914708987
27000.0,0.01443162506,0.02886325012,0.1918770938
27060.0,0.01724130556,0.03448261113,0.1923373444
27120.0,0.001823457909,0.003646915818,0.1927804658
27180.0,0.009572786449,0.0191455729,0.1931967856
27240.0,0.005840549889,0.01168109978,0.1935834202
27300.0,0.03280080956,0.06560161912,0.194062403
27360.0,0.003374319487,0.006748638975,0.1944859407
27420.0,0.02801590896,0.05603181792,0.19483059
27480.0,0.02092923999,0.04185847997,0.1953086406
27540.0,0.00247483357,0.004949667139,0.1957378586
27600.0,0.01511124659,0.03022249319,0.1960805753
27660.0,0.03246833748,0.06493667496,0.1965210896
27720.0,0.01131163571,0.02262327142,0.196958811
27780.0,0.0008883588434,0.001776717687,0.1973912527
27840.0,0.02787850254,0.05575700508,0.1978764154
27900.0,0.01114547197,0.02229094393,0.1983093838
27960.0,0.006277412908,0.01255482582,0.1986836415
28020.0,0.002652454793,0.005304909586,0.1990863232
28080.0,0.0006670763177,0.001334152635,0.1995338252
28140.0,0.01258914167,0.02517828334,0.1999220087
28200.0,0.02042824679,0.04085649359,0.2003729205
28260.0,0.01878771495,0.0375754299,0.2007439323
28320.0,0.00362288122,0.00724576244,0.2011538436
28380.0,0.000605859715,0.00121171943,0.201533054
28440.0,0.01031330257,0.02062660515,0.2019765158
28500.0,0.0243173165,0.04863463299,0.2023211136
28560.0,0.01770615598,0.03541231197,0.2026947166
28620.0,0.02177434061,0.04354868122,0.2031538833
28680.0,0.02184970548,0.04369941096,0.2035668674
28740.0,0.02237800058,0.04475600117,0.2040236049
28800.0,0.02508367705,0.0501673541,0.2044637177
28860.0,0.0290342948,0.05806858961,0.2048869292
28920.0,0.01992351081,0.03984702162,0.2052211654
28980.0,0.003246307279,0.006492614558,0.2056305467
29040.0,0.01616469646,0.03232939291,0.2060400933
29100.0,0.004500303431,0.009000606863,0.2064372509
29160.0,0.003146210339,0.006292420678,0.2068505368
29220.0,0.01542269237,0.03084538473,0.2072813415
29280.0,0.01747423977,0.03494847955,0.2076835388
29340.0,0.00145710687,0.00291421374,0.2080835639
29400.0,0.004405571649,0.008811143298,0.2085357832
29460.0,0.002345502843,0.004691005686,0.2090020042
29520.0,0.03178248378,0.06356496757,0.2094594211
29580.0,0.005141293288,0.01028258658,0.2098872411
29640.0,0.004351017591,0.008702035183,0.2102554596
29700.0,0.007073404751,0.0141468095,0.210698322
29760.0,0.01836140274,0.03672280548,0.2110316544
29820.0,0.001471577367,0.002943154734,0.2114798697
29880.0,0.01370886386,0.02741772773,0.2119321344
29940.0,0.01637756868,0.03275513736,0.2123393291
30000.0,0.01897865992,0.03795731983,0.2128172221
30060.0,0.007667961318,0.01533592264,0.2132123647
30120.0,0.02228861982,0.04457723964,0.2135820272
30180.0,0.00117337349,0.002346746981,0.2140303154
30240.0,0.01888855106,0.03777710212,0.2144607532
30300.0,0.009784316145,0.01956863229,0.2149617016
30360.0,0.01610209447,0.03220418894,0.2153468969
30420.0,0.02773476782,0.05546953564,0.2157439643
30480.0,0.00152446437,0.00304892874,0.2161240336
30540.0,0.02647888707,0.05295777413,0.2165424022
30600.0,0.007535067402,0.0150701348,0.2169221286
30660.0,0.001213134838,0.002426269676,0.2173586783
30720.0,0.01618625602,0.03237251204,0.217818613
30780.0,0.033567163,0.06713432601,0.218255126
30840.0,0.01406764746,0.02813529492,0.2186830913
30900.0,0.02149018048,0.04298036097,0.2191481618
30960.0,0.00681244767,0.01362489534,0.2196052894
31020.0,0.004108388415,0.00821677683,0.2199792862
31080.0,0.002317291684,0.004634583368,0.220396497
31140.0,0.01388730236,0.02777460471,0.2208773379
31200.0,0.008688808916,0.01737761783,0.2213210619
31260.0,0.02323188402,0.04646376803,0.221706794
31320.0,0.005671428926,0.01134285785,0.2221135812
31380.0,0.03145110554,0.06290221109,0.2225255266
31440.0,0.03193253726,0.06386507453,0.2229246029
31500.0,0.01830525541,0.03661051083,0.2233233042
31560.0,0.007782517466,0.01556503493,0.223759396
31620.0,0.009014258461,0.01802851692,0.2241098702
31680.0,0.002577188246,0.005154376493,0.2245671306
31740.0,0.01113109146,0.02226218293,0.2249539673
31800.0,0.0283221006,0.0566442012,0.2254329045
31860.0,0.02915136084,0.05830272167,0.2258550923
31920.0,0.01911551251,0.03823102502,0.2263670837
31980.0,0.006395572262,0.01279114452,0.2268041433
32040.0,0.03260015943,0.06520031885,0.2271909341
32100.0,0.001506751349,0.003013502699,0.2276412156
32160.0,0.00389456038,0.007789120759,0.2280242455
32220.0,0.03280364936,0.06560729873,0.2284258201
32280.0,0.0342366253,0.06847325059,0.2287864968
32340.0,0.03305525076,0.06611050151,0.2292227599
32400.0,0.0003566671499,0.0007133342999,0.2297262714
32460.0,0.01782028432,0.03564056863,0.2301745673
32520.0,0.02747031598,0.05494063197,0.2305943859
32580.0,0.003124639729,0.006249279458,0.2310519824
32640.0,0.004489527447,0.008979054894,0.2315509673
32700.0,0.02479400927,0.04958801854,0.2320328382
32760.0,0.0012230978,0.002446195599,0.2325020648
32820.0,0.008327227753,0.01665445551,0.2328866715
32880.0,0.009097901159,0.01819580232,0.2332782105
32940.0,0.01416758734,0.02833517467,0.2336590379
33000.0,0.007176086303,0.01435217261,0.2341322798
33060.0,0.0009049372648,0.00180987453,0.2345491622
33120.0,0.001289519958,0.002579039915,0.2350142551
33180.0,0.01990918342,0.03981836684,0.2354678236
33240.0,0.009993796552,0.0199875931,0.2358438867
33300.0,0.0008813284012,0.001762656802,0.2362864652
33360.0,0.00246024665,0.0049204933,0.2367084179
33420.0,0.03240983693,0.06481967385,0.2371550381
33480.0,0.001253784471,0.002507568943,0.2376045281
33540.0,0.008853688371,0.01770737674,0.2379762361
33600.0,0.03091317552,0.06182635104,0.2383544632
33660.0,0.01966619821,0.03933239642,0.2388032135
33720.0,0.01747994832,0.03495989665,0.2392017392
33780.0,0.03235530483,0.06471060965,0.2396858382
33840.0,0.001326640973,0.002653281947,0.2401080127
33900.0,0.0177913957,0.03558279139,0.2404887962
33960.0,0.009041381322,0.01808276264,0.2409559722
34020.0,0.01873392522,0.03746785043,0.2413939589
34080.0,0.02202424908,0.04404849816,0.2419135782
34140.0,0.01165907079,0.02331814158,0.2423758381
34200.0,0.02607903743,0.05215807485,0.2427793832
34260.0,0.02285655802,0.04571311605,0.2431904659
34320.0,0.00116952246,0.002339044919,0.2435827935
34380.0,0.02842100052,0.05684200103,0.2440585293
34440.0,0.001152725923,0.002305451847,0.2444884427
34500.0,0.03367551868,0.06735103737,0.2448987684
34560.0,0.005859639802,0.0117192796,0.2453631409
34620.0,0.001188680445,0.00237736089,0.2457498213
34680.0,0.01287817075,0.02575634149,0.2461607729
34740.0,0.002237746346,0.004475492692,0.2465717122
34800.0,0.004075184684,0.008150369367,0.2470817914
34860.0,0.01020173871,0.02040347742,0.247503644
34920.0,0.005344330954,0.01068866191,0.2479379595
34980.0,0.003223219346,0.006446438692,0.2482778781
35040.0,0.006781861931,0.01356372386,0.2487076518
35100.0,0.02704888137,0.05409776274,0.2491898578
35160.0,0.03420634564,0.06841269129,0.2495192616
35220.0,0.005527038979,0.01105407796,0.2499168531
35280.0,0.00585204614,0.01170409228,0.2503277884
35340.0,0.01853698502,0.03707397003,0.2507907245
35400.0,0.03203325629,0.06406651259,0.2512508633
35460.0,0.007623681821,0.01524736364,0.2516652445
35520.0,0.0319521685,0.06390433701,0.2521275546
35580.0,0.006480417553,0.01296083511,0.2525315124
35640.0,0.03339502015,0.0667900403,0.2529077722
35700.0,0.02185159187,0.04370318375,0.2533284825
35760.0,0.02629528084,0.05259056168,0.2537672569
35820.0,0.03268248532,0.06536497064,0.25413607
35880.0,0.02984224406,0.05968448813,0.2545198001
35940.0,0.02182222844,0.04364445688,0.2550103646
36000.0,0.0007269784204,0.001453956841,0.2554581955
36060.0,0.03431764071,0.06863528143,0.2558141165
36120.0,0.0005806508142,0.001161301628,0.256221094
36180.0,0.009008798195,0.01801759639,0.2566667686
36240.0,0.01451338418,0.02902676836,0.2570743535
36300.0,0.01235475148,0.02470950296,0.2575688981
36360.0,0.00226517333,0.00453034666,0.2579895096
36420.0,0.007488454562,0.01497690912,0.2584712873
36480.0,0.00281794451,0.00563588902,0.2588722122
36540.0,0.008833796088,0.01766759218,0.2592682134
36600.0,0.03191690932,0.06383381863,0.2596825395
36660.0,0.001602428097,0.003204856193,0.2600579499
36720.0,0.004670784247,0.009341568493,0.2604910089
36780.0,0.03330926404,0.06661852808,0.2609078831
36840.0,0.004521883054,0.009043766107,0.2613006392
36900.0,0.01871275892,0.03742551784,0.261797317
36960.0,0.01244870486,0.02489740971,0.2622709635
37020.0,0.004056723026,0.008113446052,0.2627377904
37080.0,0.01523528827,0.03047057653,0.263122898
37140.0,0.01090781387,0.02181562773,0.2634930207
37200.0,0.00113228026,0.00226456052,0.2638593178
37260.0,0.0008706401743,0.001741280349,0.2643371405
37320.0,0.01006050818,0.02012101636,0.2648223242
37380.0,0.00654213791,0.01308427582,0.2652002944
37440.0,0.002967840131,0.005935680262,0.2656257895
37500.0,0.0004042970607,0.0008085941213,0.2659946283
37560.0,0.0006241837956,0.001248367591,0.2663510255
37620.0,0.005797292871,0.01159458574,0.2668353572
37680.0,0.01485619249,0.02971238499,0.2672181037
37740.0,0.007663157995,0.01532631599,0.2676787857
37800.0,0.01244659257,0.02489318513,0.2680826284
37860.0,0.002884348916,0.005768697832,0.26859932
37920.0,0.01375382263,0.02750764526,0.2691389499
37980.0,0.007502964666,0.01500592933,0.2694951702
38040.0,0.002417536784,0.004835073569,0.2699204019
38100.0,0.002362993962,0.004725987924,0.2702837291
38160.0,0.0008016602317,0.001603320463,0.2706964506
38220.0,0.02757145904,0.05514291808,0.2711339025
38280.0,0.0003914165839,0.0007828331678,0.271559424
38340.0,0.01279220219,0.02558440437,0.2719340321
38400.0,0.0005274678379,0.001054935676,0.2722827441
38460.0,0.005790590958,0.01158118192,0.2726070181
38520.0,0.01274949283,0.02549898566,0.2730537548
38580.0,0.00376628267,0.00753256534,0.2735089567
38640.0,0.01826061215,0.0365212243,0.2738804552
38700.0,0.002094575512,0.004189151024,0.2743133588
38760.0,0.01056006831,0.02112013661,0.2746443986
38820.0,0.0008790341287,0.001758068257,0.2750107521
38880.0,0.03209283068,0.06418566137,0.2756004669
38940.0,0.002406900016,0.004813800032,0.2760031056
39000.0,0.003815551038,0.007631102076,0.2764338563
39060.0,0.02081567353,0.04163134705,0.2768545896
39120.0,0.01918756562,0.03837513124,0.2773256204
39180.0,0.02062868566,0.04125737132,0.2777882536
39240.0,0.01563127291,0.03126254581,0.2782749786
39300.0,0.01400124003,0.02800248005,0.2786679058
39360.0,0.0007867732546,0.001573546509,0.279077506
39420.0,0.00906083325,0.0181216665,0.2795820312
39480.0,0.01364547547,0.02729095094,0.2801038545
39540.0,0.01322848392,0.02645696784,0.2805473911
39600.0,0.001288671583,0.002577343166,0.2809250197
39660.0,0.0285801213,0.05716024259,0.2813379961
39720.0,0.002913352339,0.005826704678,0.2817370334
39780.0,0.02964902082,0.05929804164,0.2821226523
39840.0,0.02586466448,0.05172932896,0.2825757547
39900.0,0.01480902217,0.02961804434,0.2830473667
39960.0,0.00992159912,0.01984319824,0.2834443911
40020.0,0.01285974133,0.02571948265,0.2838956654
40080.0,0.01836343782,0.03672687564,0.2843466219
40140.0,0.0008725767303,0.001745153461,0.2847780606
40200.0,0.007752452339,0.01550490468,0.2852191623
40260.0,0.03182963395,0.06365926789,0.2856552788
40320.0,0.03310038854,0.06620077709,0.2860488725
40380.0,0.02848281484,0.05696562967,0.2864742457
40440.0,0.009792500652,0.0195850013,0.2869091517
40500.0,0.005682999299,0.0113659986,0.2873067945
40560.0,0.01171171403,0.02342342805,0.287703418
40620.0,0.005904891822,0.01180978364,0.2880923955
40680.0,0.01717702254,0.03435404508,0.2884814413
40740.0,0.02090952369,0.04181904738,0.2888561424
40800.0,0.01253696022,0.02507392044,0.2892114067
40860.0,0.01376150361,0.02752300723,0.2896439787
40920.0,0.0220746591,0.0441493182,0.2901151802
40980.0,0.001064984633,0.002129969265,0.2905482745
41040.0,0.01226611102,0.02453222204,0.2909672819
41100.0,0.01858020071,0.03716040142,0.2914063965
41160.0,0.004211725578,0.008423451156,0.2918915588
41220.0,0.02443272252,0.04886544503,0.2922842103
41280.0,0.0236799087,0.0473598174,0.2927015219
41340.0,0.01879647134,0.03759294269,0.2931219899
41400.0,0.02777187106,0.05554374212,0.2935557246
41460.0,0.01262634797,0.02525269595,0.2940395741
41520.0,0.008142682978,0.01628536596,0.2945118619
41580.0,0.006428383239,0.01285676648,0.2949122565
41640.0,0.002723275464,0.005446550927,0.2953905014
41700.0,0.0009317848959,0.001863569792,0.2958216444
41760.0,0.02833715102,0.05667430204,0.2962230112
41820.0,0.006694190394,0.01338838079,0.2966872871
41880.0,0.03415932375,0.0683186475,0.2971367106
41940.0,0.005975012041,0.01195002408,0.2975319834
42000.0,0.01210468119,0.02420936237,0.298011852
42060.0,0.0004120327726,0.0008240655452,0.2984751252
42120.0,0.004669577797,0.009339155594,0.2988819912
42180.0,0.001216985854,0.002433971707,0.2992204436
42240.0,0.02403969786,0.04807939572,0.2996229245
42300.0,0.01912365377,0.03824730754,0.300039777
42360.0,0.02729277272,0.05458554544,0.3005070818
42420.0,0.01589930232,0.03179860464,0.300956153
42480.0,0.008755169599,0.0175103392,0.3013852604
42540.0,0.02327163255,0.04654326511,0.3018813295
42600.0,0.02648655817,0.05297311634,0.3023502979
42660.0,0.00215085462,0.004301709239,0.3026975121
42720.0,0.006295373634,0.01259074727,0.3030782119
42780.0,0.001263112572,0.002526225143,0.3034956024
42840.0,0.02206908222,0.04413816443,0.3039300008
42900.0,0.01319072159,0.02638144319,0.304446516
42960.0,0.03305074312,0.06610148624,0.3048426674
43020.0,0.03262194951,0.06524389901,0.3051776876
43080.0,0.02757920574,0.05515841148,0.3055721566
43140.0,0.02900129513,0.05800259026,0.3059679919
43200.0,0.02614646191,0.05229292383,0.3064247686
43260.0,0.03115692291,0.06231384583,0.3069188289
43320.0,0.02756224526,0.05512449053,0.3074129303
43380.0,0.02057515559,0.04115031119,0.3079065
43440.0,0.0004816720954,0.0009633441909,0.3083677783
43500.0,0.02918054984,0.05836109968,0.3087974302
43560.0,0.02590306594,0.05180613188,0.3092006974
43620.0,0.01235907945,0.0247181589,0.30971479
43680.0,0.02531607415,0.0506321483,0.3101853597
43740.0,0.01286425289,0.02572850579,0.3106694192
43800.0,0.004490987645,0.008981975289,0.3111319828
43860.0,0.01292067992,0.02584135984,0.3115585292
43920.0,0.009085020411,0.01817004082,0.311980614
43980.0,0.00715582862,0.01431165724,0.3124809117
44040.0,0.005423584193,0.01084716839,0.3129349338
44100.0,0.001861275701,0.003722551402,0.313399053
44160.0,0.007886297833,0.01577259567,0.3138092878
44220.0,0.03178021437,0.06356042873,0.31427304
44280.0,0.03442662403,0.06885324806,0.3146821694
44340.0,0.0005795221205,0.001159044241,0.3151237051
44400.0,0.007068918015,0.01413783603,0.315514568
44460.0,0.01779166142,0.03558332285,0.315860356
44520.0,0.0107002271,0.0214004542,0.316257183
44580.0,0.001197701651,0.002395403302,0.316664442
44640.0,0.003616782157,0.007233564314,0.3170807937
44700.0,0.01306111464,0.02612222928,0.3175618482
44760.0,0.001153267049,0.002306534097,0.3179649779
44820.0,0.008851106268,0.01770221254,0.3183540879
44880.0,0.03150914916,0.06301829832,0.3187811167
44940.0,0.002412609278,0.004825218556,0.3191764918
45000.0,0.02921209255,0.0584241851,0.3196093756
45060.0,0.01423859901,0.02847719802,0.3200015032
45120.0,0.002096867256,0.004193734513,0.3204062323
45180.0,0.03354188465,0.06708376931,0.3208797993
45240.0,0.02656485616,0.05312971232,0.3212261723
45300.0,0.02366992637,0.04733985274,0.3216052559
45360.0,0.01095498577,0.02190997155,0.3220610291
45420.0,0.01160960118,0.02321920236,0.3225063771
45480.0,0.001257470124,0.002514940249,0.3229416213
45540.0,0.003628805484,0.007257610967,0.3233950571
45600.0,0.005598754873,0.01119750975,0.3238019663
45660.0,0.01317654789,0.02635309578,0.324264731
45720.0,0.03352289172,0.06704578344,0.3246325551
45780.0,0.01391945549,0.02783891098,0.3251384486
45840.0,0.006286937467,0.01257387493,0.3254492138
45900.0,0.004912932828,0.009825865656,0.3258986109
45960.0,0.006909674193,0.01381934839,0.3262528375
46020.0,0.003172526314,0.006345052629,0.3267283244
46080.0,0.02378547481,0.04757094962,0.3271642193
46140.0,0.006726942433,0.01345388487,0.327563689
46200.0,0.0007305491474,0.001461098295,0.3279476414
46260.0,0.006887037236,0.01377407447,0.3283793946
46320.0,0.0005390721847,0.001078144369,0.3287790705
46380.0,0.02611746765,0.05223493529,0.3292762781
46440.0,0.0006405907639,0.001281181528,0.3296615629
46500.0,0.003317509115,0.00663501823,0.3300962121
46560.0,0.007875733497,0.01575146699,0.3304477741
46620.0,0.02369143496,0.04738286992,0.3309112671
46680.0,0.003424535587,0.006849071174,0.3313680113
46740.0,0.001920449341,0.003840898682,0.3318317622
46800.0,0.02026293299,0.04052586598,0.3323254785
46860.0,0.03403758022,0.06807516044,0.332783397
46920.0,0.02391532065,0.0478306413,0.3331735658
46980.0,0.008329150136,0.01665830027,0.3336284791
47040.0,0.0170037622,0.0340075244,0.334018043
47100.0,0.003882486457,0.007764972914,0.3343790828
47160.0,0.005595409215,0.01119081843,0.3348161283
47220.0,0.01600805403,0.03201610806,0.3352056853
47280.0,0.001971618948,0.003943237896,0.3356071112
47340.0,0.005983766089,0.01196753218,0.3361123797
47400.0,0.02283448932,0.04566897864,0.3364958755
47460.0,0.02839391432,0.05678782864,0.3369047071
47520.0,0.01866354691,0.03732709383,0.3373405614
47580.0,0.0008156680547,0.001631336109,0.3377783439
47640.0,0.01881950545,0.03763901091,0.338302277
47700.0,0.01732870806,0.03465741612,0.3387422114
47760.0,0.01962034464,0.03924068928,0.3393007566
47820.0,0.001280183051,0.002560366101,0.3397171726
47880.0,0.0269241867,0.05384837341,0.3401108423
47940.0,0.02691747278,0.05383494556,0.340610362
48000.0,0.02387642379,0.04775284758,0.3411019246
48060.0,0.001789107061,0.003578214122,0.3415505425
48120.0,0.0005298230945,0.001059646189,0.3419121328
48180.0,0.001727348807,0.003454697613,0.3423092515
48240.0,0.008911926611,0.01782385322,0.3427662986
48300.0,0.008713968591,0.01742793718,0.3431725122
48360.0,0.0308759795,0.061751959,0.3437123319
48420.0,0.0136338734,0.0272677468,0.3440947103
48480.0,0.02034788639,0.04069577277,0.3445544291
48540.0,0.03216690009,0.06433380018,0.3449477704
48600.0,0.01875371003,0.03750742005,0.3454059175
48660.0,0.02439658844,0.04879317687,0.3458268634
48720.0,0.0007636722175,0.001527344435,0.3462244096
48780.0,0.01171352674,0.02342705347,0.3466626195
48840.0,0.0264846214,0.0529692428,0.3471105303
48900.0,0.02124671222,0.04249342444,0.3475440527
48960.0,0.02962942809,0.05925885619,0.3479510076
49020.0,0.01212343727,0.02424687453,0.3483999309
49080.0,0.007470585531,0.01494117106,0.3488463873
49140.0,0.008485814722,0.01697162944,0.3492918697
49200.0,0.02201621666,0.04403243332,0.3496318682
49260.0,0.000716203007,0.001432406014,0.3500699871
49320.0,0.0267291437,0.05345828739,0.3505657267
49380.0,0.002651080454,0.005302160908,0.3509992557
49440.0,0.03329626023,0.06659252046,0.3514038065
49500.0,0.007146906785,0.01429381357,0.3517942566
49560.0,0.0175215571,0.03504311421,0.3522217603
49620.0,0.005349577958,0.01069915592,0.3526355315
49680.0,0.002757142831,0.005514285662,0.3530829225
49740.0,0.0006798526397,0.001359705279,0.3535391017
49800.0,0.02860083519,0.05720167037,0.3540209799
49860.0,0.007298016262,0.01459603252,0.3544430164
49920.0,0.005829114242,0.01165822848,0.3548911104
49980.0,0.02259413003,0.04518826006,0.3552450219
50040.0,0.03339639031,0.06679278063,0.3556787638
50100.0,0.003760916312,0.007521832625,0.3560825119
50160.0,0.005771874236,0.01154374847,0.3565683152
50220.0,0.003071009001,0.006142018001,0.3570048013
50280.0,0.006325881804,0.01265176361,0.3573925084
50340.0,0.006787902756,0.01357580551,0.3578306989
50400.0,0.01207024393,0.02414048786,0.3583065277
50460.0,0.002134623685,0.004269247371,0.3587788005
50520.0,0.03337817264,0.06675634528,0.359247982
50580.0,0.01574963934,0.03149927869,0.3597590504
50640.0,0.006176888752,0.0123537775,0.360171943
50700.0,0.008793731303,0.01758746261,0.3606090358
50760.0,0.0005031207059,0.001006241412,0.3610211161
50820.0,0.01128461333,0.02256922665,0.3614164906
50880.0,0.005153840368,0.01030768074,0.3618226887
50940.0,0.007468197153,0.01493639431,0.3622526776
51000.0,0.02552286996,0.05104573993,0.3626538532
51060.0,0.009804270603,0.01960854121,0.3631264059
51120.0,0.0008758192606,0.001751638521,0.3635132563
51180.0,0.004153253883,0.008306507766,0.3638575585
51240.0,0.02107293889,0.04214587778,0.364319109
51300.0,0.0006693466749,0.00133869335,0.3647134863
51360.0,0.002522266404,0.005044532808,0.3651128339
51420.0,0.02330199585,0.04660399171,0.3655393983
51480.0,0.0003867622603,0.0007735245207,0.3659658165
51540.0,0.01739284103,0.03478568206,0.3663641234
51600.0,0.01008760841,0.02017521682,0.3668528069
51660.0,0.002944729916,0.005889459832,0.3672753109
51720.0,0.01317739341,0.02635478682,0.3677429459
51780.0,0.0003999528068,0.0007999056136,0.3680928555
51840.0,0.0003985571811,0.0007971143621,0.3685327038
51900.0,0.005596919271,0.01119383854,0.368904725
51960.0,0.02522121336,0.05044242671,0.3693309071
52020.0,0.01473980365,0.02947960729,0.3697823263
52080.0,0.008205438081,0.01641087616,0.3702151696
52140.0,0.004955719757,0.009911439515,0.370575477
52200.0,0.02046939586,0.04093879172,0.3709886931
52260.0,0.02065226323,0.04130452645,0.3713886834
52320.0,0.00332944147,0.00665888294,0.3717667914
52380.0,0.006563218384,0.01312643677,0.3721949602
52440.0,0.02694065667,0.05388131334,0.3725442795
52500.0,0.02830401159,0.05660802318,0.3728871157
52560.0,0.005238682602,0.0104773652,0.3732958623
52620.0,0.01416859095,0.02833718191,0.3736289441
52680.0,0.006838003949,0.0136760079,0.3740691436
52740.0,0.0308562367,0.0617124734,0.3744689458
52800.0,0.001921406391,0.003842812781,0.3749267166
52860.0,0.008917552649,0.0178351053,0.3752760786
52920.0,0.03301084426,0.06602168853,0.3757414513
52980.0,0.01868592869,0.03737185737,0.3761814827
53040.0,0.03327043572,0.06654087145,0.3766334392
53100.0,0.001693236415,0.003386472829,0.3770458428
53160.0,0.01437233259,0.02874466518,0.3774874537
53220.0,0.0104215188,0.02084303759,0.3778816925
53280.0,0.02185652681,0.04371305362,0.3783564265
53340.0,0.02669318396,0.05338636791,0.3788556185
53400.0,0.0005372199965,0.001074439993,0.3793120539
53460.0,0.006778147357,0.01355629471,0.379804112
53520.0,0.001175997561,0.002351995122,0.3802481753
53580.0,0.008041543127,0.01608308625,0.3807236306
53640.0,0.0174151369,0.03483027381,0.381147672
53700.0,0.005969416952,0.0119388339,0.3815636366
53760.0,0.002774176151,0.005548352303,0.3819957532
53820.0,0.001823204685,0.003646409369,0.3823843819
53880.0,0.01521454287,0.03042908575,0.3828281821
53940.0,0.0225163767,0.0450327534,0.3832430458
54000.0,0.0170904873,0.03418097461,0.3836983702
54060.0,0.02634436229,0.05268872458,0.3841853865
54120.0,0.002775969521,0.005551939041,0.3846271114
54180.0,0.002792272091,0.005584544182,0.38503664
54240.0,0.002521577443,0.005043154887,0.3854524477
54300.0,0.0007558749719,0.001511749944,0.3858644688
54360.0,0.01650165567,0.03300331134,0.3862323925
54420.0,0.00791844873,0.01583689746,0.3867576677
54480.0,0.008227853569,0.01645570714,0.3871883578
54540.0,0.01642840226,0.03285680452,0.3875991935
54600.0,0.01939332549,0.03878665098,0.3880478213
54660.0,0.008495582704,0.01699116541,0.3884994044
54720.0,0.01841496414,0.03682992828,0.3888455738
54780.0,0.01530218555,0.03060437109,0.3891869485
54840.0,0.005439926334,0.01087985267,0.3896091072
54900.0,0.01189120972,0.02378241943,0.3900490304
54960.0,0.01847577676,0.03695155353,0.3905185222
55020.0,0.007560472682,0.01512094536,0.390935212
55080.0,0.007891571089,0.01578314218,0.3913508122
55140.0,0.002840571787,0.005681143574,0.3917747827
55200.0,0.02864176895,0.0572835379,0.3922005584
55260.0,0.03320598899,0.06641197797,0.3926929244
55320.0,0.001766998182,0.003533996365,0.3931527888
55380.0,0.01681674583,0.03363349165,0.3936031708
55440.0,0.01172368306,0.02344736613,0.3939906291
55500.0,0.02113816069,0.04227632138,0.394409042
55560.0,0.001001989521,0.002003979043,0.3948374486
55620.0,0.02465445678,0.04930891356,0.3952045241
55680.0,0.003963744665,0.00792748933,0.3956886976
55740.0,0.00698306333,0.01396612666,0.396086713
55800.0,0.001880501937,0.003761003873,0.3964476518
55860.0,0.003445921918,0.006891843835,0.3968356167
55920.0,0.002863098204,0.005726196407,0.3972826351
55980.0,0.0167651305,0.033530261,0.3977058299
56040.0,0.02303832395,0.0460766479,0.398162474
56100.0,0.003660199179,0.007320398358,0.3985837309
56160.0,0.008019935539,0.01603987108,0.3989713996
56220.0,0.01899557766,0.03799115533,0.3993252148
56280.0,0.0005547589376,0.001109517875,0.3996826217
56340.0,0.001626514474,0.003253028949,0.400036815
56400.0,0.02540477197,0.05080954393,0.4004970012
56460.0,0.0290152715,0.058030543,0.400835037
56520.0,0.028855647,0.05771129399,0.4012567814
56580.0,0.03181655768,0.06363311536,0.4017241088
56640.0,0.01057804608,0.02115609216,0.4021843044
56700.0,0.03207384994,0.06414769988,0.4025503744
56760.0,0.008457679619,0.01691535924,0.4029741411
56820.0,0.008246317258,0.01649263452,0.4034266672
56880.0,0.03381439543,0.06762879087,0.4038312266
56940.0,0.02265304354,0.04530608708,0.404264813
57000.0,0.0214560933,0.04291218659,0.4047269272
57060.0,0.008092056976,0.01618411395,0.405157639
57120.0,0.005017659399,0.0100353188,0.4055795118
57180.0,0.01508705618,0.03017411236,0.4059650015
57240.0,0.008178400239,0.01635680048,0.4063854336
57300.0,0.005547868652,0.0110957373,0.4068329859
57360.0,0.001737289604,0.003474579209,0.4072622893
57420.0,0.02590281272,0.05180562544,0.4076056631
57480.0,0.0272560362,0.05451207239,0.4080660708
57540.0,0.03083589493,0.06167178986,0.4085843242
57600.0,0.02099228143,0.04198456287,0.4090538178
57660.0,0.001270847547,0.002541695093,0.409448303
57720.0,0.005204153865,0.01040830773,0.4098454918
57780.0,0.01169964869,0.02339929737,0.4102789523
57840.0,0.02397495976,0.04794991952,0.4106815414
57900.0,0.03002091362,0.06004182723,0.4110429931
57960.0,0.02767959296,0.05535918591,0.4114907683
58020.0,0.01273476246,0.02546952493,0.4119291372
58080.0,0.01009752275,0.02019504549,0.4124004611
58140.0,0.03352614162,0.06705228323,0.4128137889
58200.0,0.01512914891,0.03025829782,0.4132657206
58260.0,0.007208365613,0.01441673123,0.4137691936
58320.0,0.03147626783,0.06295253565,0.4142287634
58380.0,0.02894345763,0.05788691526,0.4145732178
58440.0,0.03185986175,0.06371972349,0.4150391409
58500.0,0.01727144158,0.03454288316,0.4153721148
58560.0,0.01618663525,0.0323732705,0.4158179788
58620.0,0.0003568562172,0.0007137124344,0.4163407357
58680.0,0.01689084188,0.03378168376,0.4168193147
58740.0,0.01847395374,0.03694790749,0.4172097763
58800.0,0.002588267636,0.005176535271,0.4176377195
58860.0,0.0131046696,0.02620933919,0.4181188927
58920.0,0.007853807798,0.0157076156,0.4185230222
58980.0,0.00105312512,0.00210625024,0.4189453045
59040.0,0.0187156892,0.03743137841,0.4193829372
59100.0,0.03319615687,0.06639231373,0.4198076806
59160.0,0.008074899054,0.01614979811,0.4202081491
59220.0,0.02042087648,0.04084175297,0.4206607396
59280.0,0.001397365685,0.00279473137,0.4210106448
59340.0,0.005970918493,0.01194183699,0.4214309134
59400.0,0.0266219206,0.0532438412,0.4217901682
59460.0,0.01396083724,0.02792167448,0.4222169614
59520.0,0.02333632017,0.04667264034,0.422715303
59580.0,0.0182394576,0.03647891519,0.4231534164
59640.0,0.002575484533,0.005150969067,0.4235960498
59700.0,0.02230851414,0.04461702827,0.4240261673
59760.0,0.02338018026,0.04676036053,0.4244257325
59820.0,0.01894613259,0.03789226519,0.4248109459
59880.0,0.0007611292026,0.001522258405,0.425217605
59940.0,0.01835274658,0.03670549317,0.4256360287
60000.0,0.0192091263,0.0384182526,0.4260320702
60060.0,0.001164521257,0.002329042514,0.42652085
60120.0,0.01926560168,0.03853120336,0.4270332051
60180.0,0.03203048322,0.06406096644,0.4274904838
60240.0,0.01766530015,0.03533060031,0.4279045191
60300.0,0.001686095525,0.003372191051,0.4283359878
60360.0,0.02550939323,0.05101878646,0.428692228
60420.0,0.0006407577928,0.001281515586,0.4291306079
60480.0,0.01174216269,0.02348432537,0.4295748401
60540.0,0.02432321532,0.04864643065,0.4300402523
60600.0,0.03342543338,0.06685086677,0.4304978512
60660.0,0.007035803788,0.01407160758,0.4308893558
60720.0,0.0274601068,0.0549202136,0.4313574285
60780.0,0.01845876179,0.03691752359,0.4317826285
60840.0,0.03318945299,0.06637890599,0.4322130554
60900.0,0.009518581697,0.01903716339,0.4326767393
60960.0,0.01908981396,0.03817962793,0.4330849534
61020.0,0.02435432473,0.04870864946,0.433555696
61080.0,0.01510325023,0.03020650046,0.4339763534
61140.0,0.02855616,0.05711231999,0.4344946299
61200.0,0.02283272991,0.04566545982,0.4349480055
61260.0,0.01462096836,0.02924193672,0.4353626518
61320.0,0.007422886018,0.01484577204,0.4357689229
61380.0,0.008220534651,0.0164410693,0.4362498689
61440.0,0.02602803128,0.05205606257,0.4366990441
61500.0,0.03263302401,0.06526604802,0.4371082922
61560.0,0.03112746709,0.06225493418,0.4375047847
61620.0,0.001890428548,0.003780857096,0.4379311824
61680.0,0.01226478541,0.02452957081,0.4383409083
61740.0,0.02368705484,0.04737410967,0.4387824983
61800.0,0.0019112274,0.003822454801,0.4391509948
61860.0,0.0005589433939,0.001117886788,0.4396237109
61920.0,0.03295276963,0.06590553926,0.4400764299
61980.0,0.008413685892,0.01682737178,0.4404828816
62040.0,0.001771825652,0.003543651304,0.4408637737
62100.0,0.00445765849,0.00891531698,0.4413232146
62160.0,0.01203154172,0.02406308345,0.4417376838
62220.0,0.01820786338,0.03641572675,0.4421402933
62280.0,0.02723078513,0.05446157025,0.4425732573
62340.0,0.01171131352,0.02342262703,0.4429692583
62400.0,0.00638636898,0.01277273796,0.4433602489
62460.0,0.001836497186,0.003672994371,0.4437559015
62520.0,0.02626642266,0.05253284533,0.4442288661
62580.0,0.001364293314,0.002728586628,0.4446863333
62640.0,0.007025985162,0.01405197032,0.4450741557
62700.0,0.02021480795,0.0404296159,0.4454542742
62760.0,0.009407597828,0.01881519566,0.4459031634
62820.0,0.01240474092,0.02480948184,0.4463076248
62880.0,0.01146213954,0.02292427909,0.4467367946
62940.0,0.008300440619,0.01660088124,0.4471715569
63000.0,0.001889814926,0.003779629852,0.447664618
63060.0,0.006617346179,0.01323469236,0.4481109923
63120.0,0.001469143,0.002938286,0.448539084
63180.0,0.001064439142,0.002128878283,0.4489725666
63240.0,0.009963238597,0.01992647719,0.449435776
63300.0,0.01799630617,0.03599261233,0.4499049671
63360.0,0.005169148367,0.01033829673,0.450342348
63420.0,0.02411771246,0.04823542493,0.450833078
63480.0,0.008899738784,0.01779947757,0.451301947
63540.0,0.01876005298,0.03752010597,0.4517184686
63600.0,0.003476864768,0.006953729536,0.4521477388
63660.0,0.006434414935,0.01286882987,0.4525755163
63720.0,0.01539067498,0.03078134995,0.4530648501
63780.0,0.0261148257,0.05222965141,0.4535057681
63840.0,0.01568221217,0.03136442434,0.4539431445
63900.0,0.0005553838648,0.00111076773,0.4543674289
63960.0,0.00151745531,0.00303491062,0.4547673556
64020.0,0.003062728925,0.00612545785,0.455240303
64080.0,0.0004766645841,0.0009533291682,0.4556454349
64140.0,0.000568017059,0.001136034118,0.456022894
64200.0,0.0009931338488,0.001986267698,0.4564411711
64260.0,0.00180805306,0.003616106121,0.4567931455
64320.0,0.0005248300734,0.001049660147,0.4571214288
64380.0,0.0009233461147,0.001846692229,0.4575154141
64440.0,0.02607274974,0.05214549949,0.4579620723
64500.0,0.003621816326,0.007243632653,0.4582998363
64560.0,0.03268036079,0.06536072158,0.4586879667
64620.0,0.03204731573,0.06409463146,0.4592239793
64680.0,0.0139191552,0.02783831039,0.4596319071
64740.0,0.007218749478,0.01443749896,0.4600047252
64800.0,0.01251872171,0.02503744341,0.4604456865
64860.0,0.01435541187,0.02871082374,0.4609046605
64920.0,0.02840942073,0.05681884147,0.4612160759
64980.0,0.0003948465119,0.0007896930238,0.4616925132
65040.0,0.01337904452,0.02675808904,0.46215161
65100.0,0.01346808786,0.02693617572,0.4625270117
65160.0,0.002342119686,0.004684239372,0.4629626721
65220.0,0.01021637233,0.02043274465,0.4634531558
65280.0,0.0004043970471,0.0008087940942,0.4639180452
65340.0,0.009499221779,0.01899844356,0.4643967441
65400.0,0.01138221541,0.02276443083,0.4648415736
65460.0,0.01317693084,0.02635386168,0.4652934019
65520.0,0.005371471201,0.0107429424,0.4656548227
65580.0,0.004028970133,0.008057940266,0.466100943
65640.0,0.004615203852,0.009230407705,0.4665047875
65700.0,0.02365174623,0.04730349246,0.4669033164
65760.0,0.01606123698,0.03212247395,0.4673080974
65820.0,0.01864663456,0.03729326912,0.4677002504
65880.0,0.0130548258,0.0261096516,0.4681145864
65940.0,0.007934345332,0.01586869066,0.4686007262
66000.0,0.02871189986,0.05742379972,0.4690093871
66060.0,0.004554165641,0.009108331282,0.4694728371
66120.0,0.0006719492027,0.001343898405,0.469889587
66180.0,0.01293319177,0.02586638355,0.4703345731
66240.0,0.01086034066,0.02172068133,0.4707047371
66300.0,0.03430494715,0.0686098943,0.4712377385
66360.0,0.006138669055,0.01227733811,0.4716575106
66420.0,0.004771571331,0.009543142662,0.4720517997
66480.0,0.007740209995,0.01548041999,0.4724635912
66540.0,0.00383405519,0.00766811038,0.4728760892
66600.0,0.01326740221,0.02653480442,0.4732887125
66660.0,0.0005279089824,0.001055817965,0.4737157229
66720.0,0.003145702337,0.006291404674,0.4741913826
66780.0,0.003218224516,0.006436449033,0.4746676778
66840.0,0.002966633045,0.00593326609,0.4751058526
66900.0,0.01500861442,0.03001722883,0.4755723869
66960.0,0.004929433193,0.009858866386,0.4760116634
67020.0,0.02278924125,0.0455784825,0.4764258517
67080.0,0.003075788735,0.006151577471,0.4768549748
67140.0,0.01938233875,0.0387646775,0.4773061153
67200.0,0.0004199197314,0.0008398394627,0.4776859605
67260.0,0.02961561518,0.05923123035,0.478100722
67320.0,0.02178662453,0.04357324906,0.4785083222
67380.0,0.02788204071,0.05576408141,0.4788894435
67440.0,0.03205508139,0.06411016279,0.4793585074
67500.0,0.004286382311,0.008572764623,0.4798131466
67560.0,0.008324231112,0.01664846222,0.4802370166
67620.0,0.01315820199,0.02631640397,0.4806306508
67680.0,0.008542048317,0.01708409663,0.4810044835
67740.0,0.0104371223,0.02087424459,0.4814683943
67800.0,0.01743098074,0.03486196149,0.4818525348
67860.0,0.02317706844,0.04635413688,0.4822244761
67920.0,0.02163214584,0.04326429169,0.4826381255
67980.0,0.002209589416,0.004419178832,0.483039959
68040.0,0.01219844752,0.02439689504,0.4834602608
68100.0,0.02491909891,0.04983819782,0.4838991767
68160.0,0.01307806617,0.02615613235,0.4844073031
68220.0,0.008921678802,0.0178433576,0.4847715355
68280.0,0.01921960122,0.03843920245,0.4852661186
68340.0,0.03212936963,0.06425873927,0.4856459478
68400.0,0.006932076688,0.01386415338,0.4860616616
68460.0,0.01006497199,0.02012994398,0.4864517683
68520.0,0.02739873823,0.05479747647,0.4868633643
68580.0,0.01260565206,0.02521130411,0.4872789005
68640.0,0.009493543151,0.0189870863,0.4876739524
68700.0,0.005792693927,0.01158538785,0.4881606033
68760.0,0.01872071554,0.03744143107,0.4886318411
68820.0,0.01995063251,0.03990126502,0.489077279
68880.0,0.003022062206,0.006044124411,0.4894390202
68940.0,0.01554630165,0.03109260331,0.4897902954
69000.0,0.02099813024,0.04199626048,0.4902573265
69060.0,0.005965777073,0.01193155415,0.4906886623
69120.0,0.003722172588,0.007444345176,0.4911042635
69180.0,0.03184092967,0.06368185935,0.4914971285
69240.0,0.002624870922,0.005249741844,0.4918784696
69300.0,0.001068501987,0.002137003975,0.4922963626
69360.0,0.02638590904,0.05277181807,0.4927003997
69420.0,0.008480276563,0.01696055313,0.4931547205
69480.0,0.003273796216,0.006547592433,0.4936216771
69540.0,0.03385227713,0.06770455427,0.4940147768
69600.0,0.001401968273,0.002803936545,0.4943862594
69660.0,0.01338257043,0.02676514086,0.4947974527
69720.0,0.01946960001,0.03893920002,0.4951556134
69780.0,0.008958807166,0.01791761433,0.4955990697
69840.0,0.03268045285,0.06536090569,0.4960442731
69900.0,0.02349812498,0.04699624996,0.4964399573
69960.0,0.009840711739,0.01968142348,0.49683252
70020.0,0.01200097732,0.02400195464,0.4973126971
70080.0,0.02309831566,0.04619663132,0.4977348622
70140.0,0.001490746617,0.002981493235,0.4982039636
70200.0,0.01890289217,0.03780578434,0.4985484098
70260.0,0.008959272348,0.0179185447,0.4989820551
70320.0,0.02443214998,0.04886429996,0.4994034367
70380.0,0.02853718271,0.05707436542,0.499835677
70440.0,0.01956230459,0.03912460918,0.5001688307
70500.0,0.02569369912,0.05138739824,0.5006008125
70560.0,0.01247769423,0.02495538846,0.5010299985
70620.0,0.0004203785069,0.0008407570139,0.5014742554
70680.0,0.02489467723,0.04978935447,0.5018252385
70740.0,0.002938829346,0.005877658691,0.5022616036
70800.0,0.008246963193,0.01649392639,0.5026896621
70860.0,0.0003792384329,0.0007584768659,0.5030874243
70920.0,0.01780000401,0.03560000802,0.5035177478
70980.0,0.009602658433,0.01920531687,0.504010119
71040.0,0.0161833248,0.03236664961,0.5044776153
71100.0,0.03440571083,0.06881142167,0.5049324521
71160.0,0.01708786788,0.03417573576,0.5054097096
71220.0,0.0006173134892,0.001234626978,0.5058372386
71280.0,0.001227222669,0.002454445338,0.5062430166
71340.0,0.008038668196,0.01607733639,0.5066566253
71400.0,0.01435704,0.02871408001,0.5070634336
71460.0,0.02833480466,0.05666960933,0.5074938933
71520.0,0.0005203844643,0.001040768929,0.5078935234
71580.0,0.01345137042,0.02690274084,0.5083606875
71640.0,0.02870939746,0.05741879492,0.5087548255
71700.0,0.02641968591,0.05283937182,0.509245001
71760.0,0.02211846232,0.04423692464,0.5096374687
71820.0,0.01777930674,0.03555861348,0.5100585143
71880.0,0.01220132024,0.02440264048,0.5104824624
71940.0,0.001137871227,0.002275742453,0.5109137655
72000.0,0.003791063726,0.007582127452,0.5113190198
72060.0,0.004606480912,0.009212961824,0.5117222788
72120.0,0.01110030099,0.02220060199,0.5120584498
72180.0,0.02855580098,0.05711160196,0.5125417612
72240.0,0.01835751018,0.03671502036,0.5129986959
72300.0,0.01417352942,0.02834705884,0.5134493418
72360.0,0.005938751616,0.01187750323,0.5139317562
72420.0,0.03148669006,0.06297338012,0.5142633421
72480.0,0.004252748016,0.008505496032,0.5146340375
72540.0,0.0008165074383,0.001633014877,0.5151085395
72600.0,0.01520850389,0.03041700777,0.5155513191
72660.0,0.003938177644,0.007876355287,0.5158765514
72720.0,0.02033098495,0.0406619699,0.5162620336
72780.0,0.003404812408,0.006809624817,0.5166383067
72840.0,0.0005037500579,0.001007500116,0.5170725818
72900.0,0.004664947778,0.009329895557,0.5174206404
72960.0,0.0003463029876,0.0006926059752,0.5178487529
73020.0,0.004935993106,0.009871986212,0.5182610287
73080.0,0.004121342233,0.008242684467,0.5186360922
73140.0,0.01331358851,0.02662717703,0.5190890095
73200.0,0.01507211945,0.03014423889,0.5195004644
73260.0,0.015746871,0.03149374199,0.5199244912
73320.0,0.01715428867,0.03430857733,0.5202963038
73380.0,0.01143134397,0.02286268793,0.5207287375
73440.0,0.03303117751,0.06606235502,0.5211411244
73500.0,0.00310119717,0.006202394341,0.521542935
73560.0,0.002227173169,0.004454346337,0.5219343055
73620.0,0.02083006736,0.04166013471,0.5224089735
73680.0,0.004473345537,0.008946691073,0.5228908725
73740.0,0.006667283728,0.01333456746,0.5233091668
73800.0,0.005866778602,0.0117335572,0.5237528899
73860.0,0.01580923454,0.03161846908,0.5241608428
73920.0,0.00504309351,0.01008618702,0.5246259727
73980.0,0.01269305208,0.02538610416,0.5250597139
74040.0,0.007361219321,0.01472243864,0.5254367506
74100.0,0.002069085916,0.004138171832,0.5257901747
74160.0,0.004634384515,0.00926876903,0.5262201938
74220.0,0.02610386398,0.05220772796,0.526676158
74280.0,0.0009428461589,0.001885692318,0.5271306256
74340.0,0.0007657449039,0.001531489808,0.5275243674
74400.0,0.01309554985,0.0261910997,0.5279886705
74460.0,0.0217191014,0.0434382028,0.5283904444
74520.0,0.009928948724,0.01985789745,0.5287872167
74580.0,0.02983565774,0.05967131548,0.5292084551
74640.0,0.00480381062,0.00960762124,0.5297055073
74700.0,0.00790202157,0.01580404314,0.5301555605
74760.0,0.009386669413,0.01877333883,0.5305791038
74820.0,0.002386748453,0.004773496906,0.5310035108
74880.0,0.01986416517,0.03972833035,0.5314302864
74940.0,0.006888971987,0.01377794397,0.5318853768
75000.0,0.01525623695,0.03051247391,0.5322710095
75060.0,0.001727136129,0.003454272258,0.5327201877
75120.0,0.00249192102,0.004983842041,0.533152572
75180.0,0.005283218561,0.01056643712,0.5335310062
75240.0,0.003065492385,0.00613098477,0.5339735561
75300.0,0.03112263266,0.06224526532,0.5344157158
75360.0,0.01789615215,0.03579230431,0.5348527579
75420.0,0.001986422372,0.003972844744,0.5352475202
75480.0,0.004270791975,0.00854158395,0.5356593616
75540.0,0.01173340646,0.02346681292,0.5360649259
75600.0,0.02813651929,0.05627303859,0.5365408269
75660.0,0.02282426862,0.04564853724,0.5370221488
75720.0,0.004389014421,0.008778028843,0.5373454164
75780.0,0.02450799508,0.04901599015,0.5377649212
75840.0,0.0008069210365,0.001613842073,0.5382074883
75900.0,0.01910346146,0.03820692292,0.5385866281
75960.0,0.02985579175,0.0597115835,0.5390314859
76020.0,0.01768515775,0.0353703155,0.5394598728
76080.0,0.004976157019,0.009952314038,0.5398692282
76140.0,0.03108824117,0.06217648233,0.5402945326
76200.0,0.0003646762837,0.0007293525673,0.5406985333
76260.0,0.02648312217,0.05296624435,0.5411517234
76320.0,0.02881028885,0.0576205777,0.5415392802
76380.0,0.02573366699,0.05146733399,0.5419393997
76440.0,0.008650034604,0.01730006921,0.5424382024
76500.0,0.0004879113973,0.0009758227947,0.5428255736
76560.0,0.01351991716,0.02703983432,0.5432166245
76620.0,0.005548297953,0.01109659591,0.5436650362
76680.0,0.007422509965,0.01484501993,0.5440836956
76740.0,0.01356275547,0.02712551093,0.5444983194
76800.0,0.004032679416,0.008065358833,0.5447918354
76860.0,0.002520711773,0.005041423545,0.5451764952
76920.0,0.0009773846977,0.001954769395,0.5456387526
76980.0,0.001170632818,0.002341265636,0.5461275187
77040.0,0.001972003777,0.003944007555,0.5465137897
77100.0,0.02777195242,0.05554390483,0.5468993404
77160.0,0.01305144976,0.02610289952,0.5473566724
77220.0,0.01138649098,0.02277298196,0.5477328657
77280.0,0.01495439808,0.02990879615,0.5482052789
77340.0,0.001131357819,0.002262715639,0.5485551281
77400.0,0.002422633117,0.004845266235,0.548927418
77460.0,0.02710455787,0.05420911573,0.5493509412
77520.0,0.0103411948,0.0206823896,0.5498287072
77580.0,0.02707517848,0.05415035696,0.5502763539
77640.0,0.02464807413,0.04929614827,0.5507364287
77700.0,0.01995692719,0.03991385438,0.5511534734
77760.0,0.003279952643,0.006559905285,0.5515330134
77820.0,0.0102925254,0.0205850508,0.5519391083
77880.0,0.002177368694,0.004354737388,0.5523688439
77940.0,0.000673944767,0.001347889534,0.5528260618
78000.0,0.01242049154,0.02484098308,0.5532915562
78060.0,0.0280792159,0.05615843179,0.5536805791
78120.0,0.0276541228,0.05530824561,0.5540914781
78180.0,0.001101305708,0.002202611417,0.5545390665
78240.0,0.0277961528,0.05559230561,0.5549642678
78300.0,0.0005204703824,0.001040940765,0.5553881682
78360.0,0.0007944938285,0.001588987657,0.5557762218
78420.0,0.003215082523,0.006430165046,0.5561603931
78480.0,0.01360785463,0.02721570925,0.5565342121
78540.0,0.006299257254,0.01259851451,0.5570080766
78600.0,0.01591959054,0.03183918109,0.5574570331
78660.0,0.03315992121,0.06631984242,0.5579531881
78720.0,0.02427429053,0.04854858106,0.5583886307
78780.0,0.02373569248,0.04747138496,0.5587843653
78840.0,0.01513925059,0.03027850118,0.5591961399
78900.0,0.01422229126,0.02844458253,0.5596324695
78960.0,0.02725108831,0.05450217662,0.5600388907
79020.0,0.004699806517,0.009399613035,0.5604731554
79080.0,0.00149773186,0.00299546372,0.5608695156
79140.0,0.009070975629,0.01814195126,0.5612752328
79200.0,0.009323600472,0.01864720094,0.561708756
79260.0,0.00790303656,0.01580607312,0.5621503105
79320.0,0.002690569588,0.005381139176,0.5626314911
79380.0,0.001041559078,0.002083118157,0.5631010345
79440.0,0.003786772254,0.007573544508,0.5635357317
79500.0,0.004036848182,0.008073696365,0.5640220727
79560.0,0.02881331367,0.05762662734,0.5643918288
79620.0,0.0007631054559,0.001526210912,0.5648271781
79680.0,0.01979586702,0.03959173404,0.5652830784
79740.0,0.01921350996,0.03842701992,0.565776187
79800.0,0.007813808103,0.01562761621,0.5661290896
79860.0,0.03353203766,0.06706407532,0.5665568454
79920.0,0.0302182152,0.0604364304,0.5669924955
79980.0,0.01021041444,0.02042082889,0.5674182644
80040.0,0.01990427291,0.03980854581,0.5678701956
80100.0,0.02913200818,0.05826401637,0.5683014855
80160.0,0.02012269231,0.04024538461,0.5687659304
80220.0,0.006530098561,0.01306019712,0.5691393363
80280.0,0.0003497967192,0.0006995934384,0.569602626
80340.0,0.01270589894,0.02541179787,0.5700342939
80400.0,0.01214607065,0.02429214131,0.5703986237
80460.0,0.03408396699,0.06816793398,0.5709199647
80520.0,0.001200142202,0.002400284404,0.5712704035
80580.0,0.002040112476,0.004080224951,0.5715908337
80640.0,0.02189286517,0.04378573035,0.5721126614
80700.0,0.002971260192,0.005942520384,0.5725378665
80760.0,0.001868976472,0.003737952945,0.5729409152
80820.0,0.0003507311602,0.0007014623205,0.5733423662
80880.0,0.01116266077,0.02232532154,0.5737256475
80940.0,0.03162935201,0.06325870402,0.5742299484
81000.0,0.01408569927,0.02817139855,0.5746647633
81060.0,0.0151578125,0.03031562499,0.5751615304
81120.0,0.00774030194,0.01548060388,0.5755626514
81180.0,0.02487891196,0.04975782392,0.5760108637
81240.0,0.02564880396,0.05129760793,0.5764459021
81300.0,0.03199617786,0.06399235572,0.5769326823
81360.0,0.02975207736,0.05950415473,0.5773314749
81420.0,0.02206806399,0.04413612798,0.5777480194
81480.0,0.01508205681,0.03016411363,0.5781555753
81540.0,0.0004568688465,0.000913737693,0.5785894288
81600.0,0.01759737824,0.03519475647,0.5789791998
81660.0,0.01803393077,0.03606786154,0.5794863531
81720.0,0.02348629741,0.04697259482,0.5799909032
81780.0,0.0182681162,0.0365362324,0.580370416
81840.0,0.01334538972,0.02669077943,0.5808860119
81900.0,0.005094278336,0.01018855667,0.5813204273
81960.0,0.008146431792,0.01629286358,0.5817529497
82020.0,0.01459349349,0.02918698698,0.5822545145
82080.0,0.0004317194568,0.0008634389136,0.5826129172
82140.0,0.01091371859,0.02182743718,0.5830659439
82200.0,0.007064042776,0.01412808555,0.5834798906
82260.0,0.01172743559,0.02345487118,0.5839193074
82320.0,0.01344569006,0.02689138013,0.5843316457
82380.0,0.02973851116,0.05947702233,0.5848055611
82440.0,0.02296092722,0.04592185445,0.5852267457
82500.0,0.01421904292,0.02843808585,0.5856541972
82560.0,0.001635430185,0.00327086037,0.5860393568
82620.0,0.009695642013,0.01939128403,0.5864251319
82680.0,0.001014794004,0.002029588007,0.5868745989
82740.0,0.006756958287,0.01351391657,0.5873168008
82800.0,0.01898114445,0.03796228889,0.5877375124
82860.0,0.006176451991,0.01235290398,0.5881427589
82920.0,0.001706552125,0.003413104251,0.5886050791
82980.0,0.01200814549,0.02401629098,0.5890323058
83040.0,0.005646294291,0.01129258858,0.5894121927
83100.0,0.01723168115,0.03446336231,0.5898753773
83160.0,0.006751307818,0.01350261564,0.5902827558
83220.0,0.02332682618,0.04665365236,0.590688334
83280.0,0.01542937433,0.03085874866,0.5910350399
83340.0,0.02753513903,0.05507027806,0.5915282786
83400.0,0.02216710088,0.04433420176,0.5919945688
83460.0,0.01937123117,0.03874246234,0.5924038427
83520.0,0.008489920863,0.01697984173,0.5928360179
83580.0,0.02724283303,0.05448566605,0.5931908141
83640.0,0.01893332396,0.03786664793,0.5935443772
83700.0,0.003349568968,0.006699137936,0.5939400125
83760.0,0.01098987041,0.02197974082,0.5944599284
83820.0,0.0006839414699,0.00136788294,0.5948093319
83880.0,0.001781962942,0.003563925885,0.5951640549
83940.0,0.02515677492,0.05031354984,0.5956226434
84000.0,0.006560905031,0.01312181006,0.5960378286
84060.0,0.02756256042,0.05512512084,0.596510983
84120.0,0.01319467221,0.02638934441,0.5969408189
84180.0,0.002957158628,0.005914317256,0.5973668399
84240.0,0.003206881723,0.006413763447,0.5977617671
84300.0,0.00424780351,0.00849560702,0.5980882408
84360.0,0.01019708876,0.02039417751,0.5985514842
84420.0,0.01862762639,0.03725525278,0.598969436
84480.0,0.02891506066,0.05783012132,0.5994344697
84540.0,0.03227786972,0.06455573944,0.5998873133
84600.0,0.01023440049,0.02046880097,0.6003015127
84660.0,0.01129777801,0.02259555603,0.6006874087
84720.0,0.004019584534,0.008039169068,0.6011007521
84780.0,0.004656817341,0.009313634681,0.6015182839
84840.0,0.0005547456496,0.001109491299,0.6019022875
84900.0,0.002755965014,0.005511930028,0.6023198255
84960.0,0.0009280887499,0.0018561775,0.6027186593
85020.0,0.01269290554,0.02538581107,0.6032255288
85080.0,0.006182715842,0.01236543168,0.6036056106
85140.0,0.009670143496,0.01934028699,0.6040212154
85200.0,0.02882353795,0.05764707589,0.6045543557
85260.0,0.02092066786,0.04184133573,0.6050137958
85320.0,0.003345070095,0.006690140191,0.6054346725
85380.0,0.01816314493,0.03632628985,0.6058909424
85440.0,0.004051760272,0.008103520544,0.6062946861
85500.0,0.02661092566,0.05322185132,0.6067178634
85560.0,0.006499970515,0.01299994103,0.6071735761
85620.0,0.002917998092,0.005835996185,0.6076282863
85680.0,0.03223548897,0.06447097794,0.6080748145
85740.0,0.005077101179,0.01015420236,0.6083908462
85800.0,0.003817484449,0.007634968897,0.6088555906
85860.0,0.001572017819,0.003144035638,0.6092390361
85920.0,0.003088019505,0.00617603901,0.6095851857
85980.0,0.02756030709,0.05512061419,0.6100840335
86040.0,0.002813213972,0.005626427944,0.6105435312
86100.0,0.02760609022,0.05521218043,0.610948546
86160.0,0.001452630888,0.002905261776,0.6113886622
86220.0,0.01292734618,0.02585469236,0.6117918569
86280.0,0.001933625891,0.003867251782,0.6122198943
86340.0,0.02471297369,0.04942594737,0.6126801704
