time_s,freq_Hz,amp_m,power_W,energy_Wh_cumulative
0.0,36.5017591,3.008896643e-05,0.003119045055,8.664014043e-07
60.0,51.36696293,9.41235632e-05,0.03052135625,0.0002008240064
120.0,41.10552816,7.781276126e-05,0.02085973383,0.0004397403415
180.0,70.15751683,6.176791983e-05,0.01314416675,0.0006144506509
240.0,69.34503807,9.462627026e-05,0.03084825155,0.0008689801434
300.0,55.3322773,5.715662887e-05,0.01125486579,0.001080574825
360.0,47.87737398,7.258503268e-05,0.01815102948,0.00126952609
420.0,36.78324066,9.901816306e-05,0.03377822615,0.00152296556
480.0,50.79487059,5.111186281e-05,0.009000166163,0.001745877889
540.0,22.55310546,2.902753503e-05,0.002902868912,0.002008127004
600.0,37.84669008,6.530360641e-05,0.01469201762,0.002232237079
660.0,67.35739994,5.559495438e-05,0.01064824083,0.002440511786
720.0,33.14121128,9.061883035e-05,0.02829072083,0.002646761398
780.0,37.16557124,5.82070133e-05,0.0116723349,0.002889340335
840.0,30.13908451,4.299323063e-05,0.0063680618,0.003132805188
900.0,57.45005535,3.615215459e-05,0.00450272558,0.003307531156
960.0,38.97998957,4.854766537e-05,0.008119771505,0.003552637663
1020.0,56.83793544,5.689049889e-05,0.01115030105,0.003744844134
1080.0,27.87662664,8.54666001e-05,0.02516517555,0.003954645108
1140.0,26.33085091,6.747618699e-05,0.01568585423,0.004111234995
1200.0,27.10323744,3.858378303e-05,0.005128811316,0.004329531824
1260.0,73.52349961,5.832707905e-05,0.01172053847,0.004539931952
1320.0,58.53457397,4.742699196e-05,0.007749224981,0.004747438931
1380.0,61.75293672,9.068146281e-05,0.02832984139,0.004959485539
1440.0,64.14564711,1.493305077e-05,0.0007682528709,0.005172203656
1500.0,41.35905939,3.608705779e-05,0.004486524655,0.005379726254
1560.0,59.67440035,3.228525379e-05,0.003591000933,0.005572324185
1620.0,76.68542929,8.959072874e-05,0.02765242653,0.005814388994
1680.0,47.29988892,7.032338798e-05,0.01703753182,0.006012371065
1740.0,53.10715108,5.692022786e-05,0.0111619576,0.006203920734
1800.0,60.92605976,4.083717307e-05,0.005745375921,0.006391805554
1860.0,73.12293377,7.469530065e-05,0.01922178291,0.00656403135
1920.0,43.61307906,9.511186252e-05,0.03116567097,0.006785651551
1980.0,75.29619491,4.463434103e-05,0.006863495659,0.00698078948
2040.0,59.92104226,8.211625795e-05,0.02323086651,0.007194156192
2100.0,42.72803988,7.618801373e-05,0.01999771669,0.007419600766
2160.0,22.62866637,2.725360548e-05,0.002558910158,0.007631681834
2220.0,75.25424605,1.536196509e-05,0.0008130189276,0.007787094752
2280.0,24.15554297,4.645616321e-05,0.007435219364,0.00797716561
2340.0,53.08982685,3.648887897e-05,0.004586993772,0.008199489782
2400.0,25.654554,5.529161373e-05,0.01053235865,0.008390573289
2460.0,43.47135323,7.278874332e-05,0.01825305454,0.008611114001
2520.0,23.23985205,9.103828398e-05,0.0285532294,0.008837147739
2580.0,55.48868013,6.549666345e-05,0.01477901404,0.009018060282
2640.0,64.15240389,8.133580055e-05,0.02279137883,0.009227485355
2700.0,45.17435499,8.612228215e-05,0.02555278071,0.009434663811
2760.0,56.21816284,8.221765557e-05,0.02328827314,0.009666611516
2820.0,79.73207301,8.759520735e-05,0.02643429904,0.009879431786
2880.0,39.31074773,8.118279729e-05,0.02270571236,0.01011723818
2940.0,26.74463539,5.281204329e-05,0.009608886198,0.01030621258
3000.0,43.62470599,7.698787982e-05,0.02041981617,0.01050094126
3060.0,40.71487774,8.848873855e-05,0.0269763456,0.01070655097
3120.0,79.27864878,5.09485853e-05,0.008942755711,0.01094510265
3180.0,56.32746952,2.674583921e-05,0.002464447481,0.01117890861
3240.0,76.40736731,3.115122377e-05,0.003343161321,0.01136305035
3300.0,51.38726159,8.374248099e-05,0.02416010155,0.01161265788
3360.0,59.66052955,6.165892998e-05,0.01309782176,0.01181932303
3420.0,70.05679519,6.164780528e-05,0.01309309589,0.01198217321
3480.0,43.45184974,9.94133013e-05,0.03404835236,0.01218042387
3540.0,74.77296551,5.449376561e-05,0.01023059158,0.01237978943
3600.0,54.0770638,1.013144667e-05,0.0003536307597,0.01257556487
3660.0,40.48934866,4.253200669e-05,0.006232163747,0.01277429517
3720.0,79.41549572,5.682309068e-05,0.01112389325,0.01296266702
3780.0,24.00764664,7.999658893e-05,0.02204702764,0.01318206633
3840.0,34.79748769,9.56475869e-05,0.03151774547,0.01343438692
3900.0,60.18705386,5.082159537e-05,0.00889823143,0.01364325871
3960.0,21.62252915,9.473613938e-05,0.030919928,0.01382162396
4020.0,57.55764049,9.681239729e-05,0.03229007527,0.01401643217
4080.0,59.07964121,3.710194836e-05,0.004742425769,0.01420664079
4140.0,38.87012473,6.208976554e-05,0.01328150067,0.01439629389
4200.0,39.68590135,7.490075499e-05,0.01932766989,0.0146075586
4260.0,56.92241741,9.027161997e-05,0.02807434167,0.01484067207
4320.0,27.92115007,1.639338964e-05,0.0009258585283,0.01502975791
4380.0,69.22134734,3.003079587e-05,0.003106996703,0.01523055411
4440.0,49.43296979,5.354854555e-05,0.009878760742,0.01545901
4500.0,73.83118353,6.121727792e-05,0.01291085898,0.01569585304
4560.0,75.64678691,2.358184385e-05,0.001915854958,0.01593421583
4620.0,43.44735416,4.317755068e-05,0.006422780998,0.01613536999
4680.0,71.10076873,1.424472476e-05,0.0006990612555,0.01633914806
4740.0,49.771361,4.412031835e-05,0.006706321716,0.01653797542
4800.0,20.59858382,5.18361705e-05,0.00925705679,0.01673030386
4860.0,39.43651621,3.152561601e-05,0.003424004065,0.01693594705
4920.0,43.10303348,9.887088593e-05,0.03367781911,0.01712238679
4980.0,38.41373726,3.054438232e-05,0.003214177101,0.01735650772
5040.0,73.9251355,4.13646317e-05,0.005894750559,0.01758858537
5100.0,28.06812681,3.680907663e-05,0.00466785068,0.01776703345
5160.0,65.89965434,7.883580988e-05,0.02141184918,0.0179530396
5220.0,78.20936018,4.66977365e-05,0.007512747093,0.01817173533
5280.0,20.75608777,3.803341418e-05,0.004983537542,0.01840821958
5340.0,58.08850301,1.811495191e-05,0.001130528407,0.01858838138
5400.0,59.63197345,9.192065544e-05,0.02910940534,0.01883278857
5460.0,62.98589064,7.810696062e-05,0.02101776759,0.01904498868
5520.0,34.0112855,5.581395615e-05,0.01073229798,0.01931904415
5580.0,59.10186924,1.020696337e-05,0.0003589221171,0.01952957409
5640.0,59.89662666,9.941282667e-05,0.03404802724,0.01972039523
5700.0,26.67924052,4.160569182e-05,0.005963656278,0.01990786781
5760.0,22.92493646,6.188088016e-05,0.01319228646,0.02009668924
5820.0,54.04316173,7.328441787e-05,0.01850249917,0.02029110065
5880.0,49.33158914,8.996031777e-05,0.02788104647,0.02048210434
5940.0,45.94653199,5.733681486e-05,0.01132593946,0.02072740876
6000.0,20.291934,9.93211452e-05,0.03398525599,0.0209408091
6060.0,62.65900272,2.315760867e-05,0.001847542894,0.02109922787
6120.0,26.20134477,6.370151406e-05,0.01397998219,0.02128742359
6180.0,20.13203638,4.821758703e-05,0.008009733282,0.02151002792
6240.0,66.40299508,4.36900403e-05,0.006576154368,0.02176137656
6300.0,70.81950041,8.563748392e-05,0.02526590778,0.02202132839
6360.0,42.05359762,6.971795272e-05,0.01674543214,0.0222270582
6420.0,76.79653806,7.245402337e-05,0.01808556673,0.02243983487
6480.0,28.66306889,2.854697816e-05,0.00280754932,0.02267104024
6540.0,70.92260119,9.019003909e-05,0.02802362152,0.02286897398
6600.0,52.09452258,6.798377187e-05,0.01592273332,0.02310832654
6660.0,61.63479293,4.009364986e-05,0.005538068144,0.02333902267
6720.0,26.49592247,8.044882673e-05,0.02229700535,0.02353111545
6780.0,49.33462616,9.531563957e-05,0.03129935885,0.02375026061
6840.0,32.79937301,1.73450098e-05,0.001036468739,0.02393441317
6900.0,71.48768336,3.28815237e-05,0.00372486877,0.02409884329
6960.0,23.25141063,8.311374653e-05,0.02379867771,0.02436573401
7020.0,45.01735813,7.233493569e-05,0.01802616359,0.02457103999
7080.0,44.72299298,5.500720888e-05,0.0104242862,0.02479704443
7140.0,40.81752396,8.830774246e-05,0.02686610288,0.0249737984
7200.0,55.6606077,9.593306502e-05,0.03170616746,0.02518500238
7260.0,27.09576477,3.762241598e-05,0.00487641289,0.02537348006
7320.0,53.57407153,8.549041262e-05,0.02517920044,0.02561062087
7380.0,22.28096853,6.429072306e-05,0.01423979474,0.02582084876
7440.0,69.71286757,2.103608868e-05,0.00152453393,0.02602124227
7500.0,28.08504118,8.040861693e-05,0.02227472202,0.02622469641
7560.0,70.27217236,5.285463613e-05,0.009624391555,0.02639881344
7620.0,25.7524956,9.68556896e-05,0.0323189605,0.02659746899
7680.0,70.48550357,4.161422768e-05,0.005966103545,0.02680306513
7740.0,60.77239893,4.575707177e-05,0.007213126629,0.02701474187
7800.0,67.9781672,2.598144355e-05,0.00232559274,0.02721817462
7860.0,64.36980258,9.710851477e-05,0.03248790693,0.0273864529
7920.0,24.1225797,3.973829072e-05,0.005440332881,0.02761630839
7980.0,27.52305544,8.932671365e-05,0.02748968869,0.02785239356
8040.0,50.56588075,1.168412031e-05,0.000470326175,0.02807131901
8100.0,58.3452337,1.513423304e-05,0.0007890925491,0.02829737622
8160.0,30.39804345,7.526229015e-05,0.01951470395,0.02851307374
8220.0,76.8148175,5.796085923e-05,0.01157382039,0.0287475367
8280.0,29.9966766,4.880122391e-05,0.008204810155,0.02896130366
8340.0,71.28067884,5.856346687e-05,0.01181573291,0.0291447602
8400.0,57.92043579,3.737531434e-05,0.004812567308,0.02937080085
8460.0,46.7948586,3.09416391e-05,0.003298327237,0.02957091306
8520.0,63.70639706,3.908877819e-05,0.005263944482,0.02977377665
8580.0,74.46673252,6.590490114e-05,0.01496382203,0.02998051426
8640.0,27.69048731,5.531577023e-05,0.01054156368,0.03015978091
8700.0,50.0795134,5.999040213e-05,0.01239854307,0.03036379731
8760.0,52.53448622,5.028924213e-05,0.008712790873,0.03057606323
8820.0,73.43241598,4.124407609e-05,0.005860440587,0.0307942417
8880.0,21.1494621,3.022880799e-05,0.003148104591,0.03096158565
8940.0,65.08256225,8.51148271e-05,0.02495844658,0.03117197564
9000.0,71.95994731,2.806805225e-05,0.002714136349,0.03136985292
9060.0,71.65362065,5.474201647e-05,0.01032401652,0.03159379785
9120.0,27.80485379,8.192494873e-05,0.02312274901,0.03180694993
9180.0,41.03719238,1.23005533e-05,0.0005212624046,0.03203438395
9240.0,76.73625221,4.980710331e-05,0.008546527179,0.03223806368
9300.0,33.89804979,2.393087922e-05,0.001972987885,0.03244619284
9360.0,49.66741214,6.751877445e-05,0.01570566067,0.03266358306
9420.0,29.7928794,9.865261652e-05,0.03352928755,0.03289100262
9480.0,75.81766626,4.431064685e-05,0.006764306665,0.03308366103
9540.0,40.21756384,2.98196719e-05,0.003063464345,0.03328278388
9600.0,73.82243204,3.111647762e-05,0.00333570754,0.03350502883
9660.0,45.93328953,4.894419676e-05,0.008252955811,0.03376104349
9720.0,67.14049929,3.972869502e-05,0.005437705818,0.0339619949
9780.0,20.88537222,5.397160328e-05,0.0100354707,0.03417361305
9840.0,67.1708045,9.940635178e-05,0.0340435922,0.03438240912
9900.0,78.72473991,9.945531471e-05,0.03407713703,0.03461340355
9960.0,77.46450295,4.250055438e-05,0.006222949817,0.03483299387
10020.0,50.50643589,5.542703326e-05,0.01058401327,0.03504930547
10080.0,30.24146286,9.030842398e-05,0.02809723832,0.03529818406
10140.0,33.11870576,8.713318939e-05,0.02615618081,0.03551393229
10200.0,30.04451208,4.267048676e-05,0.006272812449,0.03569790907
10260.0,44.27149776,3.082547845e-05,0.003273608661,0.0358795155
10320.0,20.26079708,4.162666466e-05,0.005969670182,0.03608421045
10380.0,77.24706708,2.099817513e-05,0.001519043518,0.03628815124
10440.0,67.70534769,8.621319291e-05,0.02560675626,0.03654668326
10500.0,67.44366783,1.551762476e-05,0.0008295787138,0.0367588263
10560.0,32.0020893,8.341073208e-05,0.02396905845,0.03699164082
10620.0,53.67838594,5.008067176e-05,0.00864066962,0.03718168132
10680.0,22.42231522,6.430219383e-05,0.01424487653,0.0374075218
10740.0,77.54035542,8.430534421e-05,0.02448597042,0.0376310997
10800.0,60.87628042,3.56615764e-05,0.004381352371,0.03783937455
10860.0,55.70489613,7.147066001e-05,0.01759797491,0.03801845709
10920.0,41.21282404,8.9796214e-05,0.02777941918,0.0382113563
10980.0,48.44434747,1.541558771e-05,0.000818704697,0.03844124319
11040.0,37.8641568,3.194098174e-05,0.003514824377,0.03870659232
11100.0,32.29109959,2.791232125e-05,0.002684102016,0.03892564574
11160.0,28.3096419,8.648726438e-05,0.02576982264,0.03911917745
11220.0,47.45656453,4.383921385e-05,0.006621137757,0.03930541479
11280.0,41.10096507,6.710665637e-05,0.01551451878,0.03951475924
11340.0,25.10685073,4.226684293e-05,0.006154697729,0.03972206411
11400.0,54.22031454,6.468941602e-05,0.01441695589,0.03991775057
11460.0,79.09487302,2.583517261e-05,0.002299481097,0.0401304105
11520.0,79.55857182,2.087175194e-05,0.001500807245,0.04034982487
11580.0,27.53297315,1.969845437e-05,0.001336815308,0.04053620594
11640.0,68.11574023,4.294920068e-05,0.006355025244,0.04075223648
11700.0,76.97646009,5.360845925e-05,0.00990087915,0.04097684386
11760.0,79.4039459,2.549809872e-05,0.002239869443,0.04119101188
11820.0,52.31101985,7.941419922e-05,0.02172718342,0.04141062103
11880.0,26.61502989,2.930482428e-05,0.00295859386,0.04165370182
11940.0,31.84269843,6.9862737e-05,0.01681505532,0.04191340463
12000.0,27.36561997,5.026706866e-05,0.008705109303,0.0421142695
12060.0,37.47615369,7.344390908e-05,0.01858312197,0.04232749617
12120.0,30.12104153,3.057698842e-05,0.003221043027,0.04255506311
12180.0,29.38011071,3.297334276e-05,0.00374570062,0.04275384642
12240.0,49.66639706,9.215287052e-05,0.02925666671,0.04298673269
12300.0,32.98017986,3.779139859e-05,0.004920316479,0.04320211699
12360.0,79.74241942,9.988130786e-05,0.03436968482,0.04343126322
12420.0,34.56701941,4.940872082e-05,0.008410355029,0.04368013797
12480.0,55.63198238,3.663238552e-05,0.004623144958,0.04387997939
12540.0,28.37442473,9.46618628e-05,0.03087146232,0.04410760072
12600.0,30.37961032,5.948150777e-05,0.01218908333,0.04430719648
12660.0,54.65621169,1.711126407e-05,0.001008721542,0.0445367106
12720.0,59.33936137,3.233682633e-05,0.003602482642,0.04476125425
12780.0,42.99152368,2.901440987e-05,0.002900244368,0.04500137515
12840.0,58.9279086,5.262461869e-05,0.009540805288,0.04520638528
12900.0,77.87419211,3.301865401e-05,0.003756002214,0.04539219404
12960.0,24.34322309,9.113843961e-05,0.02861608954,0.04562266653
13020.0,40.02012539,7.926020971e-05,0.02164300415,0.0458065251
13080.0,34.13795869,1.103202604e-05,0.0004192930513,0.0460192713
13140.0,44.00126645,2.320362042e-05,0.001854891937,0.04621780041
13200.0,40.24779581,3.712821078e-05,0.004749141949,0.04646076131
13260.0,25.95387014,8.520943814e-05,0.02501396351,0.04672032133
13320.0,46.90753903,7.280703931e-05,0.01826223178,0.04692208424
13380.0,38.24475878,2.898189225e-05,0.00289374717,0.04713945703
13440.0,43.70610813,7.937759178e-05,0.02170715695,0.04738964024
13500.0,63.13685415,9.785044725e-05,0.03298623425,0.04758443438
13560.0,56.20070279,3.077345182e-05,0.003262567722,0.04778370521
13620.0,36.89679871,1.596142072e-05,0.0008777082875,0.04798606234
13680.0,54.43232098,5.446121853e-05,0.01021837454,0.04820665435
13740.0,40.93843305,9.008229921e-05,0.02795670819,0.04841229501
13800.0,61.93504102,4.234637224e-05,0.006177880881,0.04865118874
13860.0,33.56773756,2.042227213e-05,0.001436862553,0.04887014941
13920.0,76.99287256,4.543822863e-05,0.007112952254,0.04909494815
13980.0,45.26507804,7.758508524e-05,0.02073784346,0.04928264724
14040.0,69.30505043,3.548330496e-05,0.00433765729,0.04954010489
14100.0,77.6416006,5.646713233e-05,0.01098496239,0.04976125755
14160.0,37.09765885,6.225787572e-05,0.01335351827,0.04998764022
14220.0,76.22786373,1.376513831e-05,0.0006527821462,0.0502066863
14280.0,37.26284626,1.236759354e-05,0.0005269598369,0.05038735534
14340.0,22.78641338,8.693975428e-05,0.02604017662,0.05058654735
14400.0,47.83888252,1.408929459e-05,0.0006838889844,0.05079873567
14460.0,79.94845722,5.121506238e-05,0.009036547185,0.0509792756
14520.0,29.10905456,2.826156178e-05,0.002751689488,0.05118518877
14580.0,48.64403869,3.752219951e-05,0.004850468463,0.05138083771
14640.0,30.67973176,7.5702493e-05,0.0197436513,0.05158752223
14700.0,44.38831112,7.437377894e-05,0.01905666089,0.05184883173
14760.0,59.63789299,8.444228496e-05,0.02456558223,0.05205869114
14820.0,22.94818378,1.389286589e-05,0.0006649527634,0.05228131772
14880.0,71.11188482,5.445189433e-05,0.0102148759,0.05251887687
14940.0,74.12136263,6.038482127e-05,0.01256211252,0.052739264
15000.0,79.00612612,3.965649489e-05,0.005417959571,0.052959101
15060.0,35.7230927,8.824429677e-05,0.02682751224,0.05316002324
15120.0,52.14177163,7.943852413e-05,0.02174049572,0.05336950707
15180.0,27.80653343,3.76015051e-05,0.004870993687,0.05359282919
15240.0,75.58602512,7.20270734e-05,0.01787304902,0.05380215378
15300.0,33.21118659,8.577564701e-05,0.02534749896,0.05403332459
15360.0,23.10852897,6.771044873e-05,0.01579495862,0.05427458623
15420.0,35.01104222,3.551157703e-05,0.004344572282,0.05447609131
15480.0,34.69824756,3.742192378e-05,0.004824577959,0.05465310801
15540.0,36.04343636,5.135645391e-05,0.009086511196,0.05490811493
15600.0,27.74454937,3.375710454e-05,0.003925884207,0.05509214782
15660.0,65.28313027,4.792856401e-05,0.007913998127,0.05531277513
15720.0,48.51229723,4.987974383e-05,0.008571474498,0.05554429606
15780.0,38.06246461,6.952274121e-05,0.01665178841,0.05575315596
15840.0,61.82871713,5.695622183e-05,0.01117607877,0.05597952875
15900.0,57.0974742,7.370518767e-05,0.01871557702,0.05623392559
15960.0,31.52074282,9.454314935e-05,0.03079408037,0.05647481021
16020.0,72.74949553,1.515338889e-05,0.0007910913697,0.05670338492
16080.0,27.34453535,4.821032941e-05,0.008007322244,0.05697223934
16140.0,52.62801509,4.297940495e-05,0.0063639668,0.05718306995
16200.0,51.78956112,8.047644467e-05,0.02231231702,0.05741408107
16260.0,30.28411381,5.367424022e-05,0.009925192065,0.05762286279
16320.0,62.25133197,3.011057448e-05,0.003123526477,0.0578289105
16380.0,57.51741198,5.174145304e-05,0.009223257848,0.05806980221
16440.0,28.71402161,9.981079631e-05,0.03432117515,0.05825452881
16500.0,42.4540865,6.850576124e-05,0.01616818619,0.05847114702
16560.0,52.89838412,1.795632009e-05,0.001110815128,0.05866440851
16620.0,35.4116952,7.284528407e-05,0.01828142273,0.05887365427
16680.0,20.67903282,6.63695166e-05,0.01517554922,0.05906366318
16740.0,43.99312525,1.267638282e-05,0.0005536021923,0.05929769901
16800.0,21.58339568,1.215233579e-05,0.000508776017,0.05950381102
16860.0,51.3022883,9.150907675e-05,0.0288493117,0.05967937085
16920.0,32.89286748,9.89874966e-05,0.0337573068,0.05989411663
16980.0,57.79934369,2.444097854e-05,0.00205799487,0.0601229543
17040.0,71.42266775,1.911032723e-05,0.001258181675,0.06036880171
17100.0,33.4967716,9.435108955e-05,0.0306690941,0.06056467301
17160.0,53.5405682,9.904390832e-05,0.03379579349,0.06085127363
17220.0,35.04807879,2.65459671e-05,0.002427751394,0.06105975863
17280.0,64.18822434,5.066018842e-05,0.00884180047,0.06121127591
17340.0,30.28646997,6.561565869e-05,0.01483276426,0.06146758425
17400.0,32.46576569,4.867365512e-05,0.008161970668,0.06168212725
17460.0,62.14695405,8.693159714e-05,0.0260352904,0.06189623197
17520.0,20.96834059,5.281915775e-05,0.009611475253,0.06210432727
17580.0,55.36927966,6.651570622e-05,0.01524247606,0.06231811783
17640.0,70.0262405,4.993681259e-05,0.008591099431,0.06252844843
17700.0,50.78394664,9.243771687e-05,0.02943781211,0.06274782118
17760.0,66.73034966,7.400151002e-05,0.01886636673,0.06297892564
17820.0,29.34852268,6.826655429e-05,0.01605547187,0.06319298595
17880.0,78.28173796,1.024759495e-05,0.000361785378,0.0634298365
17940.0,73.71222772,8.341058173e-05,0.02396897204,0.06362592784
18000.0,21.66066193,5.017968971e-05,0.008674871527,0.06382644807
18060.0,36.23394851,5.34895884e-05,0.009857019612,0.0640607609
18120.0,36.00004413,2.574814043e-05,0.002284014448,0.06424490299
18180.0,42.87498318,2.99014672e-05,0.003080293547,0.06444110701
18240.0,41.37728625,6.054914961e-05,0.0126305774,0.06462045864
18300.0,74.60900483,5.416992808e-05,0.01010935917,0.06486050381
18360.0,70.53618111,3.01242535e-05,0.003126365113,0.06506009826
18420.0,74.84241656,8.441725627e-05,0.02455102191,0.06532112918
18480.0,34.62551869,6.312078668e-05,0.01372625031,0.0655529847
18540.0,24.04867231,9.610630658e-05,0.03182078457,0.06575560553
18600.0,67.56456004,3.370798667e-05,0.003914467896,0.06600332086
18660.0,46.56502859,1.599625477e-05,0.0008815434715,0.06621648216
18720.0,58.0952578,8.465714861e-05,0.02469075567,0.06640587214
18780.0,71.36701239,4.587590151e-05,0.007250639823,0.0665986833
18840.0,20.82845946,8.344532175e-05,0.02398894207,0.06682360934
18900.0,29.03120673,7.266633475e-05,0.01819171397,0.06705911177
18960.0,52.3197178,5.836361188e-05,0.01173522525,0.06726905491
19020.0,24.76393778,7.922338136e-05,0.02162289593,0.06747765981
19080.0,38.63566618,7.870192463e-05,0.02133918432,0.06771829601
19140.0,42.13603715,4.313190788e-05,0.006409209189,0.06792018972
19200.0,54.50027883,7.312112008e-05,0.01842013375,0.06819098056
19260.0,38.20926453,1.480045968e-05,0.0007546707488,0.06840093811
19320.0,57.4304004,6.803360887e-05,0.0159460869,0.0686393564
19380.0,38.55268447,4.868019085e-05,0.008164162738,0.06885193928
19440.0,31.84755312,9.882227611e-05,0.03364471189,0.06906817923
19500.0,25.78156419,6.277195801e-05,0.01357495691,0.06927116785
19560.0,69.65750808,2.98568829e-05,0.00307111471,0.06946719535
19620.0,45.05747032,2.208599041e-05,0.001680509095,0.06969601085
19680.0,41.44951095,8.06044776e-05,0.02238336846,0.06989967987
19740.0,44.00997804,3.77779447e-05,0.004916813797,0.07012146597
19800.0,28.27926314,4.303134604e-05,0.006379357947,0.07035816382
19860.0,20.23800172,6.408719279e-05,0.01414977734,0.07059284642
19920.0,73.69205808,2.50346712e-05,0.00215919016,0.07077676039
19980.0,78.0983772,9.466578877e-05,0.03087402307,0.07095262325
20040.0,23.26769893,9.124372559e-05,0.02868224414,0.07111547103
20100.0,67.44973192,1.427364057e-05,0.0007019022288,0.07134396315
20160.0,20.10995165,2.804885091e-05,0.00271042414,0.07155989823
20220.0,59.5652467,4.623192263e-05,0.007363614054,0.07177708369
20280.0,38.200283,8.567637908e-05,0.02528886373,0.07196187829
20340.0,74.04348652,7.836318962e-05,0.02115589088,0.07221685506
20400.0,25.19806071,5.441019889e-05,0.01019923822,0.07244085925
20460.0,62.77019483,9.526729664e-05,0.03126761759,0.07267005839
20520.0,44.29939012,4.921618386e-05,0.008344935439,0.07287695444
20580.0,62.92128904,1.158181047e-05,0.0004621255878,0.0731223841
20640.0,62.44010191,2.171405431e-05,0.001624384917,0.07332843377
20700.0,32.63117476,3.334438896e-05,0.003830475027,0.07353360272
20760.0,22.97443843,9.605473401e-05,0.0317866424,0.07375113484
20820.0,62.96414383,6.46323674e-05,0.01439153892,0.07399120793
20880.0,54.64819767,9.885860135e-05,0.03366945078,0.07420401582
20940.0,46.20867637,6.951690818e-05,0.01664899432,0.07442861634
21000.0,78.10824144,7.325215447e-05,0.01848621134,0.07463502231
21060.0,45.03027952,5.683030599e-05,0.01112671841,0.074833982
21120.0,61.79670079,2.702475011e-05,0.002516114975,0.07502703902
21180.0,53.67787925,7.508508157e-05,0.01942291558,0.07523734485
21240.0,44.66146362,8.593336852e-05,0.025440801,0.07546630483
21300.0,42.9950222,9.919434707e-05,0.03389853697,0.07570454639
21360.0,56.61189244,9.144964777e-05,0.0288118525,0.07594640083
21420.0,72.13962763,8.173477436e-05,0.02301552282,0.07614360791
21480.0,62.59477643,2.700720936e-05,0.002512849803,0.07634840073
21540.0,27.05848066,1.901996085e-05,0.001246310764,0.07656014078
21600.0,41.95840889,1.795034082e-05,0.001110075471,0.07676635258
21660.0,77.59339542,5.786875461e-05,0.0115370661,0.0769916245
21720.0,36.06873819,1.174170723e-05,0.0004749737445,0.07718640333
21780.0,35.89144846,2.482583517e-05,0.002123317033,0.0773811033
21840.0,42.18053769,2.198884781e-05,0.001665758567,0.07754686223
21900.0,77.5615805,8.358775098e-05,0.02407090335,0.07773310664
21960.0,37.95440458,5.928371297e-05,0.01210815301,0.07791180611
22020.0,58.34304161,2.605086473e-05,0.002338037089,0.07812766775
22080.0,38.23362412,4.901538804e-05,0.008276981776,0.07838557679
22140.0,45.6860047,2.127538853e-05,0.00155941644,0.07856716946
22200.0,22.33060754,9.931114306e-05,0.03397841136,0.07878772782
22260.0,35.35397944,9.627468539e-05,0.03193238265,0.07902289811
22320.0,56.13120671,8.388109071e-05,0.02424014685,0.07922069709
22380.0,42.40664245,5.528623754e-05,0.01053031056,0.07944047667
22440.0,45.19079029,6.674538053e-05,0.01534792031,0.07962897899
22500.0,29.47874397,2.121271722e-05,0.001550242768,0.07980310018
22560.0,43.67957669,3.124988389e-05,0.003364371339,0.0800134494
22620.0,73.61736736,8.548454452e-05,0.02517574393,0.08021032983
22680.0,53.33042887,6.238042682e-05,0.0134061413,0.08042351252
22740.0,23.84427416,6.94637673e-05,0.01662355003,0.08065048711
22800.0,25.08620853,9.527538309e-05,0.03127292591,0.08089210932
22860.0,63.82367171,7.477183889e-05,0.01926119516,0.08111558283
22920.0,53.84497627,6.881761e-05,0.01631572137,0.08130284661
22980.0,67.91685046,1.625914914e-05,0.0009107574614,0.08153662997
23040.0,63.35639824,7.92726535e-05,0.02164980055,0.08172530031
23100.0,23.57138574,9.123048537e-05,0.02867392068,0.08195188999
23160.0,40.18531042,1.326058329e-05,0.000605804317,0.08215783996
23220.0,25.45667702,4.326797539e-05,0.006449711024,0.08238628229
23280.0,30.20162767,3.805181768e-05,0.004988361551,0.08260928785
23340.0,48.1423677,8.698099551e-05,0.0260648876,0.08284250552
23400.0,72.11611206,4.660108631e-05,0.007481681049,0.08306536617
23460.0,39.41172094,7.570893989e-05,0.01974701421,0.0832740887
23520.0,40.19008376,5.56041644e-05,0.01065176916,0.08347392478
23580.0,72.57414508,3.263027424e-05,0.003668162412,0.08364673189
23640.0,44.55364118,2.32223363e-05,0.00185788543,0.08387876139
23700.0,49.32517827,9.454136578e-05,0.03079291851,0.08413625051
23760.0,27.46267142,9.699551026e-05,0.03241233902,0.08439623662
23820.0,73.75818144,7.915554531e-05,0.02158588201,0.08465780994
23880.0,45.78102312,7.20309696e-05,0.0178749827,0.08483850426
23940.0,29.04881623,5.926969564e-05,0.01210242787,0.08507586052
24000.0,58.31610473,8.274519234e-05,0.02358808305,0.08529248656
24060.0,49.35511187,8.346560286e-05,0.02400060436,0.08549039947
24120.0,43.03535567,2.152188721e-05,0.001595760868,0.08570104157
24180.0,64.75398024,9.898302253e-05,0.03375425532,0.0859202278
24240.0,66.55418303,9.948291315e-05,0.03409605218,0.08615749825
24300.0,72.74485832,2.220613106e-05,0.001698841674,0.08637866941
24360.0,66.32836037,3.497600508e-05,0.004214514141,0.0866072411
24420.0,41.94390295,2.532759631e-05,0.002210014177,0.08686120096
24480.0,39.32477803,3.095892517e-05,0.003302013599,0.08704919962
24540.0,77.84001563,3.10576885e-05,0.003323114981,0.08722548428
24600.0,73.84338291,7.161801445e-05,0.01767061486,0.08742218608
24660.0,78.60665248,9.88123513e-05,0.03363795429,0.08763584056
24720.0,54.90666195,6.295488441e-05,0.0136541909,0.08785509588
24780.0,42.84692657,4.655807505e-05,0.007467876733,0.08809055596
24840.0,21.49810977,1.236439036e-05,0.0005266869092,0.08827824814
24900.0,21.88356244,7.424697687e-05,0.01899173574,0.08847937962
24960.0,37.91768726,1.825563013e-05,0.001148155643,0.08870491307
25020.0,77.35875794,3.117788447e-05,0.003348886244,0.08893264491
25080.0,24.17725871,2.809558388e-05,0.002719463491,0.08912330909
25140.0,37.4089596,2.164331991e-05,0.001613819156,0.08933902373
25200.0,55.80698202,4.314944944e-05,0.006414423444,0.08952537428
25260.0,72.47507044,3.206021005e-05,0.003541113405,0.08975063531
25320.0,57.88069006,8.724677834e-05,0.02622442093,0.0899731974
25380.0,74.03259436,8.533557764e-05,0.02508807699,0.09018406666
25440.0,38.70467107,5.913990661e-05,0.01204948201,0.09038881865
25500.0,72.87920979,5.710612451e-05,0.01123498468,0.09060787824
25560.0,51.45981151,2.914398719e-05,0.00292620699,0.09082286277
25620.0,45.45964827,2.675577557e-05,0.002466278957,0.09103880248
25680.0,66.85370237,7.545334772e-05,0.01961390806,0.09121872789
25740.0,54.79147427,3.826090591e-05,0.005043332552,0.09143128103
25800.0,60.77257939,2.299023655e-05,0.001820933092,0.09162027591
25860.0,30.94548508,5.889893861e-05,0.01195148982,0.09183036187
25920.0,25.66804679,8.32318054e-05,0.02386633536,0.09208584371
25980.0,37.58098849,4.071573414e-05,0.005711256279,0.09232902602
26040.0,61.16686316,8.465913932e-05,0.02469191689,0.09252924727
26100.0,40.92842171,7.428272206e-05,0.01901002677,0.09274941275
26160.0,25.59375051,3.074051928e-05,0.003255588513,0.0929675403
26220.0,47.20724413,5.891371528e-05,0.0119574874,0.09317087765
26280.0,70.90245356,2.606100235e-05,0.002339857124,0.09338552537
26340.0,73.64466591,7.67831214e-05,0.02031134275,0.09364496104
26400.0,67.95387091,1.066742001e-05,0.0003920359544,0.09385282947
26460.0,60.64201288,8.271996796e-05,0.02357370387,0.09407442551
26520.0,26.14982005,4.854861955e-05,0.008120090688,0.0942786819
26580.0,23.16188039,9.508688155e-05,0.03114930189,0.09450453506
26640.0,25.79434533,5.416062686e-05,0.01010588782,0.09464169357
26700.0,30.07036095,9.180941946e-05,0.02903899561,0.09484892146
26760.0,36.82830394,9.525882473e-05,0.03126205672,0.09508977428
26820.0,42.06773582,6.961853298e-05,0.01669770729,0.09530428645
26880.0,31.35904894,6.507219005e-05,0.01458807393,0.09552997065
26940.0,79.36209949,4.138690129e-05,0.005901099414,0.09573544933
27000.0,36.33011122,6.47223182e-05,0.01443162506,0.09593854689
27060.0,39.56617751,7.074268189e-05,0.01724130556,0.09616867221
27120.0,32.03007373,2.30061696e-05,0.001823457909,0.09639023288
27180.0,46.69401996,5.271274482e-05,0.009572786449,0.0965983928
27240.0,77.96724971,4.117402412e-05,0.005840549889,0.09679171011
27300.0,62.49854936,9.757503754e-05,0.03280080956,0.09703120148
27360.0,72.9554571,3.129605135e-05,0.003374319487,0.09724297033
27420.0,30.69611016,9.017762734e-05,0.02801590896,0.097415295
27480.0,41.39119378,7.794229235e-05,0.02092923999,0.09765432031
27540.0,77.62629434,2.680213836e-05,0.00247483357,0.0978689293
27600.0,41.43553948,6.622875515e-05,0.01511124659,0.09804028764
27660.0,78.56163936,9.707926317e-05,0.03246833748,0.09826054481
27720.0,42.40577292,5.730059753e-05,0.01131163571,0.09847940551
27780.0,41.57660108,1.605797068e-05,0.0008883588434,0.09869562635
27840.0,31.43292533,8.995621358e-05,0.02787850254,0.09893820772
27900.0,49.67936311,5.687817821e-05,0.01114547197,0.09915469192
27960.0,48.37712452,4.268613109e-05,0.006277412908,0.09934182077
28020.0,33.92062826,2.774728156e-05,0.002652454793,0.09954316162
28080.0,36.47643413,1.391503193e-05,0.0006670763177,0.09976691261
28140.0,28.53023542,6.044974958e-05,0.01258914167,0.09996100435
28200.0,52.0239061,7.700377097e-05,0.02042824679,0.1001864603
28260.0,26.30304344,7.38470969e-05,0.01878771495,0.1003719661
28320.0,44.94367043,3.242824858e-05,0.00362288122,0.1005769218
28380.0,35.3203945,1.326118958e-05,0.000605859715,0.100766527
28440.0,73.42770485,5.471360432e-05,0.01031330257,0.1009882579
28500.0,31.52918117,8.40145043e-05,0.0243173165,0.1011605568
28560.0,43.68516155,7.169000136e-05,0.01770615598,0.1013473583
28620.0,23.41259367,7.950033373e-05,0.02177434061,0.1015769417
28680.0,45.61470609,7.96377973e-05,0.02184970548,0.1017834337
28740.0,40.53278021,8.059481191e-05,0.02237800058,0.1020118024
28800.0,25.52574334,8.532809424e-05,0.02508367705,0.1022318588
28860.0,70.4933216,9.180198815e-05,0.0290342948,0.1024434646
28920.0,43.35996756,7.604652624e-05,0.01992351081,0.1026105827
28980.0,42.26223995,3.069666951e-05,0.003246307279,0.1028152733
29040.0,36.82790181,6.849836771e-05,0.01616469646,0.1030200466
29100.0,46.72217291,3.614242963e-05,0.004500303431,0.1032186254
29160.0,70.31338459,3.021971211e-05,0.003146210339,0.1034252684
29220.0,53.37143707,6.690776819e-05,0.01542269237,0.1036406707
29280.0,73.16682559,7.121895402e-05,0.01747423977,0.1038417694
29340.0,34.15935056,2.056563618e-05,0.00145710687,0.104041782
29400.0,28.47370755,3.576000575e-05,0.004405571649,0.1042678916
29460.0,41.10289943,2.609242402e-05,0.002345502843,0.1045010021
29520.0,30.17109772,9.604845044e-05,0.03178248378,0.1047297105
29580.0,62.89015165,3.863070511e-05,0.005141293288,0.1049436205
29640.0,22.25566554,3.553790853e-05,0.004351017591,0.1051277298
29700.0,21.24398252,4.531173592e-05,0.007073404751,0.105349161
29760.0,67.4766725,7.300445682e-05,0.01836140274,0.1055158272
29820.0,41.14154731,2.066750234e-05,0.001471577367,0.1057399349
29880.0,24.23930614,6.308079783e-05,0.01370886386,0.1059660672
29940.0,53.17835817,6.894791862e-05,0.01637756868,0.1061696646
30000.0,34.8204814,7.422141291e-05,0.01897865992,0.106408611
30060.0,67.85486112,4.717766067e-05,0.007667961318,0.1066061823
30120.0,33.67053506,8.043369758e-05,0.02228861982,0.1067910136
30180.0,71.02082111,1.845502262e-05,0.00117337349,0.1070151577
30240.0,67.86773247,7.404500519e-05,0.01888855106,0.1072303766
30300.0,36.38366166,5.329195888e-05,0.009784316145,0.1074808508
30360.0,47.65585078,6.836560018e-05,0.01610209447,0.1076734484
30420.0,28.65917494,8.972401782e-05,0.02773476782,0.1078719821
30480.0,60.21712276,2.103560876e-05,0.00152446437,0.1080620168
30540.0,34.72916446,8.766905179e-05,0.02647888707,0.1082712011
30600.0,47.8127826,4.676705434e-05,0.007535067402,0.1084610643
30660.0,28.79281864,1.876510432e-05,0.001213134838,0.1086793392
30720.0,66.8255039,6.854403213e-05,0.01618625602,0.1089093065
30780.0,23.69350351,9.870832093e-05,0.033567163,0.109127563
30840.0,48.01399208,6.390093073e-05,0.01406764746,0.1093415456
30900.0,44.32491672,7.897988138e-05,0.02149018048,0.1095740809
30960.0,48.93330257,4.446804488e-05,0.00681244767,0.1098026447
31020.0,35.44362696,3.453283183e-05,0.004108388415,0.1099896431
31080.0,44.39136301,2.593503254e-05,0.002317291684,0.1101982485
31140.0,36.49534026,6.349000938e-05,0.01388730236,0.110438669
31200.0,76.07282643,5.021998386e-05,0.008688808916,0.1106605309
31260.0,61.11686438,8.211805627e-05,0.02323188402,0.110853397
31320.0,24.41050072,4.057352052e-05,0.005671428926,0.1110567906
31380.0,41.968949,9.554641658e-05,0.03145110554,0.1112627633
31440.0,65.4834991,9.627491847e-05,0.03193253726,0.1114623014
31500.0,60.26918652,7.28927512e-05,0.01830525541,0.1116616521
31560.0,39.72924319,4.752876151e-05,0.007782517466,0.111879698
31620.0,41.83619114,5.115186218e-05,0.009014258461,0.1120549351
31680.0,22.21775646,2.735076743e-05,0.002577188246,0.1122835653
31740.0,32.43488601,5.684147268e-05,0.01113109146,0.1124769836
31800.0,57.93963281,9.066907314e-05,0.0283221006,0.1127164523
31860.0,62.95600193,9.198687439e-05,0.02915136084,0.1129275462
31920.0,72.30632152,7.448853261e-05,0.01911551251,0.1131835419
31980.0,51.68807702,4.308599739e-05,0.006395572262,0.1134020716
32040.0,56.11484152,9.72761352e-05,0.03260015943,0.1135954671
32100.0,73.93586488,2.091304347e-05,0.001506751349,0.1138206078
32160.0,51.72430037,3.362216432e-05,0.00389456038,0.1140121227
32220.0,55.35337277,9.757926134e-05,0.03280364936,0.11421291
32280.0,27.15027245,9.968777907e-05,0.0342366253,0.1143932484
32340.0,47.65008292,9.795275913e-05,0.03305525076,0.11461138
32400.0,47.51308629,1.017484967e-05,0.0003566671499,0.1148631357
32460.0,72.85396504,7.192067588e-05,0.01782028432,0.1150872836
32520.0,28.41170437,8.929523267e-05,0.02747031598,0.1152971929
32580.0,57.74464909,3.011593984e-05,0.003124639729,0.1155259912
32640.0,56.14918556,3.609913214e-05,0.004489527447,0.1157754837
32700.0,30.07861713,8.483397665e-05,0.02479400927,0.1160164191
32760.0,47.167077,1.884200168e-05,0.0012230978,0.1162510324
32820.0,57.11057887,4.916393855e-05,0.008327227753,0.1164433357
32880.0,53.24665066,5.138863155e-05,0.009097901159,0.1166391053
32940.0,37.17230046,6.412751264e-05,0.01416758734,0.116829519
33000.0,28.79143668,4.563943635e-05,0.007176086303,0.1170661399
33060.0,51.06667959,1.620711381e-05,0.0009049372648,0.1172745811
33120.0,47.1735216,1.934685959e-05,0.001289519958,0.1175071276
33180.0,77.51952095,7.601917805e-05,0.01990918342,0.1177339118
33240.0,58.04812217,5.385942315e-05,0.009993796552,0.1179219433
33300.0,73.58851321,1.599430335e-05,0.0008813284012,0.1181432326
33360.0,37.59600356,2.672303437e-05,0.00246024665,0.1183542089
33420.0,44.2210187,9.699176637e-05,0.03240983693,0.118577519
33480.0,57.16717786,1.907690377e-05,0.001253784471,0.1188022641
33540.0,38.05392778,5.069423358e-05,0.008853688371,0.1189881181
33600.0,68.44031195,9.472579428e-05,0.03091317552,0.1191772316
33660.0,42.3250359,7.555385905e-05,0.01966619821,0.1194016067
33720.0,25.75081684,7.123058611e-05,0.01747994832,0.1196008696
33780.0,52.5584059,9.691013388e-05,0.03235530483,0.1198429191
33840.0,50.56524691,1.962334995e-05,0.001326640973,0.1200540064
33900.0,46.3623888,7.186235662e-05,0.0177913957,0.1202443981
33960.0,40.62054012,5.12287594e-05,0.009041381322,0.1204779861
34020.0,64.73025959,7.374130801e-05,0.01873392522,0.1206969794
34080.0,24.67770944,7.995525279e-05,0.02202424908,0.1209567891
34140.0,27.10287519,5.817393151e-05,0.01165907079,0.1211879191
34200.0,38.57835046,8.700460196e-05,0.02607903743,0.1213896916
34260.0,55.16996262,8.145202031e-05,0.02285655802,0.1215952329
34320.0,28.5804081,1.842471288e-05,0.00116952246,0.1217913967
34380.0,21.50403324,9.082724201e-05,0.02842100052,0.1220292647
34440.0,61.61194822,1.829192768e-05,0.001152725923,0.1222442213
34500.0,55.59093115,9.886750909e-05,0.03367551868,0.1224493842
34560.0,35.66888515,4.124125815e-05,0.005859639802,0.1226815705
34620.0,26.71371696,1.85750078e-05,0.001188680445,0.1228749107
34680.0,56.43531654,6.113973263e-05,0.01287817075,0.1230803865
34740.0,46.21033882,2.548601146e-05,0.002237746346,0.1232858561
34800.0,56.71650939,3.439300266e-05,0.004075184684,0.1235408957
34860.0,58.55792531,5.441686821e-05,0.01020173871,0.123751822
34920.0,36.68778094,3.938611258e-05,0.005344330954,0.1239689797
34980.0,55.00248017,3.058731645e-05,0.003223219346,0.1241389391
35040.0,41.96514038,4.436810884e-05,0.006781861931,0.1243538259
35100.0,37.63925653,8.860762586e-05,0.02704888137,0.1245949289
35160.0,32.0888251,9.964368625e-05,0.03420634564,0.1247596308
35220.0,20.58284684,4.005370634e-05,0.005527038979,0.1249584266
35280.0,37.42465085,4.121452667e-05,0.00585204614,0.1251638942
35340.0,33.96102966,7.335268158e-05,0.01853698502,0.1253953623
35400.0,46.41300092,9.642663022e-05,0.03203325629,0.1256254316
35460.0,61.33847411,4.704124712e-05,0.007623681821,0.1258326223
35520.0,60.60758265,9.63045075e-05,0.0319521685,0.1260637773
35580.0,33.38611554,4.337085068e-05,0.006480417553,0.1262657562
35640.0,39.28699001,9.845489211e-05,0.03339502015,0.1264538861
35700.0,23.39702653,7.964123498e-05,0.02185159187,0.1266642412
35760.0,68.5287305,8.736457176e-05,0.02629528084,0.1268836284
35820.0,72.70982532,9.739888452e-05,0.03268248532,0.127068035
35880.0,67.49363547,9.307052948e-05,0.02984224406,0.1272599
35940.0,28.47590086,7.958770739e-05,0.02182222844,0.1275051823
36000.0,43.93945775,1.452637346e-05,0.0007269784204,0.1277290977
36060.0,35.33111089,9.980565686e-05,0.03431764071,0.1279070583
36120.0,47.69913292,1.298236949e-05,0.0005806508142,0.128110547
36180.0,72.29502855,5.113636756e-05,0.009008798195,0.1283333843
36240.0,28.51750222,6.490539412e-05,0.01451338418,0.1285371767
36300.0,39.26982423,5.988436553e-05,0.01235475148,0.1287844491
36360.0,26.94896557,2.564172071e-05,0.00226517333,0.1289947548
36420.0,68.20790224,4.66221766e-05,0.007488454562,0.1292356436
36480.0,52.28021011,2.859977814e-05,0.00281794451,0.1294361061
36540.0,42.46217958,5.063725218e-05,0.008833796088,0.1296341067
36600.0,53.15591876,9.625135687e-05,0.03191690932,0.1298412698
36660.0,76.59121686,2.156680051e-05,0.001602428097,0.1300289749
36720.0,51.4759185,3.682064137e-05,0.004670784247,0.1302455044
36780.0,26.06154666,9.832839816e-05,0.03330926404,0.1304539415
36840.0,49.49747115,3.622898015e-05,0.004521883054,0.1306503196
36900.0,39.52054537,7.369963838e-05,0.01871275892,0.1308986585
36960.0,21.98273153,6.011163365e-05,0.01244870486,0.1311354818
37020.0,47.18207556,3.431500956e-05,0.004056723026,0.1313688952
37080.0,31.91625843,6.650002118e-05,0.01523528827,0.131561449
37140.0,43.89518737,5.626849572e-05,0.01090781387,0.1317465103
37200.0,54.82154858,1.812898183e-05,0.00113228026,0.1319296589
37260.0,33.72278613,1.58970228e-05,0.0008706401743,0.1321685703
37320.0,65.73517339,5.403888816e-05,0.01006050818,0.1324111621
37380.0,28.45051924,4.357689611e-05,0.00654213791,0.1326001472
37440.0,47.74749065,2.935058064e-05,0.002967840131,0.1328128948
37500.0,48.56923817,1.083294997e-05,0.0004042970607,0.1329973141
37560.0,52.43763033,1.34602365e-05,0.0006241837956,0.1331755128
37620.0,57.60130456,4.102126663e-05,0.005797292871,0.1334176786
37680.0,26.38810154,6.566745795e-05,0.01485619249,0.1336090519
37740.0,46.39988551,4.716288197e-05,0.007663157995,0.1338393928
37800.0,57.92401708,6.010653358e-05,0.01244659257,0.1340413142
37860.0,31.52339812,2.893479057e-05,0.002884348916,0.13429966
37920.0,63.57827183,6.318415115e-05,0.01375382263,0.1345694749
37980.0,46.82763727,4.666732379e-05,0.007502964666,0.1347475851
38040.0,79.28624495,2.6490063e-05,0.002417536784,0.1349602009
38100.0,44.5594382,2.618953284e-05,0.002362993962,0.1351418645
38160.0,45.79997815,1.525427655e-05,0.0008016602317,0.1353482253
38220.0,23.93573178,8.945946985e-05,0.02757145904,0.1355669512
38280.0,42.88425182,1.065899005e-05,0.0003914165839,0.135779712
38340.0,49.44862047,6.093532099e-05,0.01279220219,0.135967016
38400.0,37.10393064,1.237355342e-05,0.0005274678379,0.1361413721
38460.0,77.51918984,4.099754862e-05,0.005790590958,0.1363035091
38520.0,47.91232956,6.083351349e-05,0.01274949283,0.1365268774
38580.0,41.94903352,3.306381038e-05,0.00376628267,0.1367544784
38640.0,58.74566365,7.280381071e-05,0.01826061215,0.1369402276
38700.0,34.22525604,2.465723967e-05,0.002094575512,0.1371566794
38760.0,26.73222222,5.53642995e-05,0.01056006831,0.1373221993
38820.0,66.31974334,1.597347161e-05,0.0008790341287,0.137505376
38880.0,55.11217667,9.65162541e-05,0.03209283068,0.1378002334
38940.0,44.05293994,2.643172277e-05,0.002406900016,0.1380015528
39000.0,66.47166884,3.32793687e-05,0.003815551038,0.1382169282
39060.0,42.74527422,7.773053907e-05,0.02081567353,0.1384272948
39120.0,70.98923013,7.462878734e-05,0.01918756562,0.1386628102
39180.0,58.83855997,7.738062349e-05,0.02062868566,0.1388941268
39240.0,22.41587139,6.735868784e-05,0.01563127291,0.1391374893
39300.0,52.57949429,6.374992763e-05,0.01400124003,0.1393339529
39360.0,47.01963845,1.511197546e-05,0.0007867732546,0.139538753
39420.0,78.11788837,5.128383742e-05,0.00906083325,0.1397910156
39480.0,69.61992279,6.293478924e-05,0.01364547547,0.1400519273
39540.0,65.0102303,6.196571747e-05,0.01322848392,0.1402736955
39600.0,42.02561153,1.934049439e-05,0.001288671583,0.1404625099
39660.0,51.32793174,9.108114456e-05,0.0285801213,0.140668998
39720.0,41.14285268,2.907990285e-05,0.002913352339,0.1408685167
39780.0,73.81759157,9.276873257e-05,0.02964902082,0.1410613261
39840.0,69.43214724,8.66462697e-05,0.02586466448,0.1412878773
39900.0,52.94445436,6.556312375e-05,0.01480902217,0.1415236833
39960.0,28.29944832,5.366452423e-05,0.00992159912,0.1417221955
40020.0,52.03768167,6.109596968e-05,0.01285974133,0.1419478327
40080.0,66.14591396,7.300850242e-05,0.01836343782,0.142173311
40140.0,35.20619834,1.591469278e-05,0.0008725767303,0.1423890303
40200.0,41.53361216,4.743686701e-05,0.007752452339,0.1426095811
40260.0,41.12731915,9.611966925e-05,0.03182963395,0.1428276394
40320.0,39.56129967,9.801961481e-05,0.03310038854,0.1430244362
40380.0,59.69159609,9.092596082e-05,0.02848281484,0.1432371229
40440.0,76.86555581,5.331424338e-05,0.009792500652,0.1434545758
40500.0,69.82925814,4.061488678e-05,0.005682999299,0.1436533972
40560.0,76.07033162,5.830511756e-05,0.01171171403,0.143851709
40620.0,40.31485107,4.140019803e-05,0.005904891822,0.1440461978
40680.0,69.09034508,7.061067912e-05,0.01717702254,0.1442407206
40740.0,59.24090785,7.790557111e-05,0.02090952369,0.1444280712
40800.0,61.29521624,6.032433869e-05,0.01253696022,0.1446057033
40860.0,69.30859149,6.320179166e-05,0.01376150361,0.1448219894
40920.0,72.75561278,8.004670294e-05,0.0220746591,0.1450575901
40980.0,67.22463049,1.758199354e-05,0.001064984633,0.1452741372
41040.0,66.85800532,5.966915549e-05,0.01226611102,0.1454836409
41100.0,50.73287973,7.343813619e-05,0.01858020071,0.1457031983
41160.0,33.24929809,3.496443211e-05,0.004211725578,0.1459457794
41220.0,56.71176184,8.42136279e-05,0.02443272252,0.1461421051
41280.0,54.43101464,8.290609457e-05,0.0236799087,0.1463507609
41340.0,42.64660485,7.386430386e-05,0.01879647134,0.146560995
41400.0,61.51112463,8.978401362e-05,0.02777187106,0.1467778623
41460.0,70.47704856,6.053901113e-05,0.01262634797,0.147019787
41520.0,22.47598617,4.861611033e-05,0.008142682978,0.1472559309
41580.0,21.41343175,4.319637729e-05,0.006428383239,0.1474561283
41640.0,44.49900279,2.81152683e-05,0.002723275464,0.1476952507
41700.0,63.20292453,1.644577252e-05,0.0009317848959,0.1479108222
41760.0,66.86360008,9.069316081e-05,0.02833715102,0.1481115056
41820.0,77.9295584,4.408039483e-05,0.006694190394,0.1483436435
41880.0,67.21323322,9.95751749e-05,0.03415932375,0.1485683553
41940.0,24.82725865,4.164528496e-05,0.005975012041,0.1487659917
42000.0,49.93304749,5.927521302e-05,0.01210468119,0.149005926
42060.0,65.47725631,1.09360963e-05,0.0004120327726,0.1492375626
42120.0,53.1100003,3.681588573e-05,0.004669577797,0.1494409956
42180.0,43.71058778,1.8794865e-05,0.001216985854,0.1496102218
42240.0,75.85433884,8.353355188e-05,0.02403969786,0.1498114622
42300.0,37.7981309,7.450439317e-05,0.01912365377,0.1500198885
42360.0,72.84335653,8.900620311e-05,0.02729277272,0.1502535409
42420.0,32.70247137,6.79337329e-05,0.01589930232,0.1504780765
42480.0,67.27037681,5.041139637e-05,0.008755169599,0.1506926302
42540.0,55.84025103,8.21882761e-05,0.02327163255,0.1509406647
42600.0,44.36941384,8.768175002e-05,0.02648655817,0.1511751489
42660.0,66.02476454,2.498630138e-05,0.00215085462,0.151348756
42720.0,32.94055736,4.274715354e-05,0.006295373634,0.151539106
42780.0,49.18253697,1.914773792e-05,0.001263112572,0.1517478012
42840.0,46.10731783,8.003659091e-05,0.02206908222,0.1519650004
42900.0,65.7054057,6.18772099e-05,0.01319072159,0.152223258
42960.0,36.58016963,9.794608016e-05,0.03305074312,0.1524213337
43020.0,67.180577,9.730863965e-05,0.03262194951,0.1525888438
43080.0,51.54556911,8.947203659e-05,0.02757920574,0.1527860783
43140.0,43.48591868,9.174980336e-05,0.02900129513,0.152983996
43200.0,61.58618061,8.711699978e-05,0.02614646191,0.1532123843
43260.0,23.68376058,9.509851287e-05,0.03115692291,0.1534594144
43320.0,64.69550323,8.94445209e-05,0.02756224526,0.1537064651
43380.0,21.08421034,7.72801595e-05,0.02057515559,0.15395325
43440.0,33.69548191,1.18242115e-05,0.0004816720954,0.1541838891
43500.0,60.45088866,9.203291569e-05,0.02918054984,0.1543987151
43560.0,25.2608644,8.671056803e-05,0.02590306594,0.1546003487
43620.0,48.40684507,5.98948536e-05,0.01235907945,0.154857395
43680.0,72.58360213,8.572245992e-05,0.02531607415,0.1550926798
43740.0,20.18935039,6.110668586e-05,0.01286425289,0.1553347096
43800.0,31.58429372,3.61050022e-05,0.004490987645,0.1555659914
43860.0,29.23494594,6.124055666e-05,0.01292067992,0.1557792646
43920.0,69.01084358,5.135224082e-05,0.009085020411,0.155990307
43980.0,28.28737863,4.557497206e-05,0.00715582862,0.1562404558
44040.0,41.86067398,3.967707413e-05,0.005423584193,0.1564674669
44100.0,78.33098248,2.324351471e-05,0.001861275701,0.1566995265
44160.0,44.84317531,4.784461156e-05,0.007886297833,0.1569046439
44220.0,56.85534861,9.604502122e-05,0.03178021437,0.15713652
44280.0,60.86818994,9.996400879e-05,0.03442662403,0.1573410847
44340.0,70.40020587,1.296974551e-05,0.0005795221205,0.1575618526
44400.0,69.28137418,4.529736278e-05,0.007068918015,0.157757284
44460.0,33.75226255,7.186289327e-05,0.01779166142,0.157930178
44520.0,22.16719134,5.573050049e-05,0.0107002271,0.1581285915
44580.0,36.57010195,1.864535986e-05,0.001197701651,0.158332221
44640.0,75.26152758,3.240094086e-05,0.003616782157,0.1585403968
44700.0,45.14327601,6.157246866e-05,0.01306111464,0.1587809241
44760.0,74.49765894,1.829622058e-05,0.001153267049,0.158982489
44820.0,62.11941034,5.068684077e-05,0.008851106268,0.159177044
44880.0,46.96250652,9.56345423e-05,0.03150914916,0.1593905584
44940.0,35.61221281,2.646305275e-05,0.002412609278,0.1595882459
45000.0,29.97722271,9.208264374e-05,0.02921209255,0.1598046878
45060.0,20.89353248,6.428802374e-05,0.01423859901,0.1600007516
45120.0,25.6031851,2.467072513e-05,0.002096867256,0.1602031162
45180.0,64.78505249,9.86711469e-05,0.03354188465,0.1604398997
45240.0,68.0301901,8.781125417e-05,0.02656485616,0.1606130862
45300.0,33.36573608,8.288861809e-05,0.02366992637,0.160802628
45360.0,45.09591872,5.639003376e-05,0.01095498577,0.1610305146
45420.0,60.4507182,5.805038389e-05,0.01160960118,0.1612531885
45480.0,52.15781581,1.910492264e-05,0.001257470124,0.1614708107
45540.0,62.70732117,3.245475166e-05,0.003628805484,0.1616975286
45600.0,45.97941449,4.031272653e-05,0.005598754873,0.1619009832
45660.0,66.73771508,6.18439568e-05,0.01317654789,0.1621323655
45720.0,67.09818686,9.864320691e-05,0.03352289172,0.1623162776
45780.0,54.22249798,6.356346578e-05,0.01391945549,0.1625692243
45840.0,25.92766024,4.27185021e-05,0.006286937467,0.1627246069
45900.0,57.90379527,3.776303219e-05,0.004912932828,0.1629493054
45960.0,79.34364959,4.478424228e-05,0.006909674193,0.1631264187
46020.0,33.63753254,3.034583291e-05,0.003172526314,0.1633641622
46080.0,65.39115981,8.309068864e-05,0.02378547481,0.1635821096
46140.0,30.31296325,4.418809726e-05,0.006726942433,0.1637818445
46200.0,33.00172726,1.456200463e-05,0.0007305491474,0.1639738207
46260.0,74.01673886,4.471082271e-05,0.006887037236,0.1641896973
46320.0,26.2472129,1.250892266e-05,0.0005390721847,0.1643895353
46380.0,23.5462921,8.70686836e-05,0.02611746765,0.164638139
46440.0,64.80487145,1.363599339e-05,0.0006405907639,0.1648307814
46500.0,45.23972974,3.103148136e-05,0.003317509115,0.1650481061
46560.0,74.77209701,4.781255495e-05,0.007875733497,0.165223887
46620.0,57.20384436,8.29262695e-05,0.02369143496,0.1654556336
46680.0,67.27971615,3.152806284e-05,0.003424535587,0.1656840057
46740.0,58.14857525,2.361010255e-05,0.001920449341,0.1659158811
46800.0,58.93084064,7.669156492e-05,0.02026293299,0.1661627393
46860.0,29.14333767,9.939757398e-05,0.03403758022,0.1663916985
46920.0,20.20150141,8.331717762e-05,0.02391532065,0.1665867829
46980.0,52.98714393,4.916961309e-05,0.008329150136,0.1668142396
47040.0,51.8630289,7.025366039e-05,0.0170037622,0.1670090215
47100.0,50.82349194,3.357000612e-05,0.003882486457,0.1671895414
47160.0,42.80288647,4.030067985e-05,0.005595409215,0.1674080642
47220.0,30.77459592,6.816567136e-05,0.01600805403,0.1676028427
47280.0,44.15977281,2.392257569e-05,0.001971618948,0.1678035556
47340.0,45.45973364,4.167578125e-05,0.005983766089,0.1680561899
47400.0,74.92451772,8.141268862e-05,0.02283448932,0.1682479378
47460.0,54.44127738,9.078395094e-05,0.02839391432,0.1684523535
47520.0,24.95912793,7.360266458e-05,0.01866354691,0.1686702807
47580.0,57.90501165,1.538697232e-05,0.0008156680547,0.1688891719
47640.0,33.95509062,7.390954846e-05,0.01881950545,0.1691511385
47700.0,48.67522395,7.09217655e-05,0.01732870806,0.1693711057
47760.0,73.04229663,7.546572723e-05,0.01962034464,0.1696503783
47820.0,23.95057763,1.927669084e-05,0.001280183051,0.1698585863
47880.0,49.72964896,8.840315046e-05,0.0269241867,0.1700554212
47940.0,68.48729857,8.839212749e-05,0.02691747278,0.170305181
48000.0,77.66863579,8.324939481e-05,0.02387642379,0.1705509623
48060.0,52.50147872,2.278844075e-05,0.001789107061,0.1707752713
48120.0,67.10353734,1.240114793e-05,0.0005298230945,0.1709560664
48180.0,61.84730301,2.239166911e-05,0.001727348807,0.1711546258
48240.0,74.48020967,5.086068985e-05,0.008911926611,0.1713831493
48300.0,72.27704675,5.029264084e-05,0.008713968591,0.1715862561
48360.0,66.39962113,9.466878812e-05,0.0308759795,0.171856166
48420.0,48.71661133,6.290802839e-05,0.0136338734,0.1720473551
48480.0,72.42874192,7.685216344e-05,0.02034788639,0.1722772145
48540.0,56.74836666,9.662756839e-05,0.03216690009,0.1724738852
48600.0,77.1796331,7.378023666e-05,0.01875371003,0.1727029587
48660.0,24.12199486,8.415133218e-05,0.02439658844,0.1729134317
48720.0,61.9517114,1.488846558e-05,0.0007636722175,0.1731122048
48780.0,45.71432652,5.830962955e-05,0.01171352674,0.1733313097
48840.0,20.10444969,8.767854419e-05,0.0264846214,0.1735552652
48900.0,79.07051513,7.853121441e-05,0.02124671222,0.1737720263
48960.0,79.79476435,9.27380757e-05,0.02962942809,0.1739755038
49020.0,68.00758152,5.932111841e-05,0.01212343727,0.1741999655
49080.0,78.70286632,4.656651821e-05,0.007470585531,0.1744231936
49140.0,52.17094438,4.962987922e-05,0.008485814722,0.1746459349
49200.0,27.16669753,7.99406713e-05,0.02201621666,0.1748159341
49260.0,47.477695,1.441831521e-05,0.000716203007,0.1750349935
49320.0,56.34632352,8.808236534e-05,0.0267291437,0.1752828633
49380.0,77.39635829,2.774009216e-05,0.002651080454,0.1754996279
49440.0,30.23191943,9.830920277e-05,0.03329626023,0.1757019033
49500.0,45.06318345,4.554655193e-05,0.007146906785,0.1758971283
49560.0,78.88457474,7.131531337e-05,0.0175215571,0.1761108802
49620.0,21.56167345,3.940544225e-05,0.005349577958,0.1763177658
49680.0,29.95436294,2.828955253e-05,0.002757142831,0.1765414613
49740.0,34.086235,1.404765523e-05,0.0006798526397,0.1767695509
49800.0,61.33724481,9.111414483e-05,0.02860083519,0.1770104899
49860.0,59.43118445,4.602553645e-05,0.007298016262,0.1772215082
49920.0,59.78572003,4.113369553e-05,0.005829114242,0.1774455552
49980.0,27.90195367,8.098307393e-05,0.02259413003,0.177622511
50040.0,67.0110529,9.845691184e-05,0.03339639031,0.1778393819
50100.0,54.21606446,3.304024663e-05,0.003760916312,0.178041256
50160.0,68.55321905,4.093123753e-05,0.005771874236,0.1782841576
50220.0,72.57259039,2.985636905e-05,0.003071009001,0.1785024006
50280.0,22.83819293,4.285060739e-05,0.006325881804,0.1786962542
50340.0,56.7809144,4.43878645e-05,0.006787902756,0.1789153495
50400.0,73.03776685,5.919083535e-05,0.01207024393,0.1791532638
50460.0,30.83149372,2.489184613e-05,0.002134623685,0.1793894003
50520.0,51.24547608,9.843005414e-05,0.03337817264,0.179623991
50580.0,25.23334417,6.761324072e-05,0.01574963934,0.1798795252
50640.0,50.48047606,4.234297182e-05,0.006176888752,0.1800859715
50700.0,42.4783201,5.052229163e-05,0.008793731303,0.1803045179
50760.0,77.51009254,1.208460727e-05,0.0005031207059,0.1805105581
50820.0,59.37607458,5.723211386e-05,0.01128461333,0.1807082453
50880.0,75.11937767,3.867781458e-05,0.005153840368,0.1809113444
50940.0,27.70431898,4.655907386e-05,0.007468197153,0.1811263388
51000.0,54.63322476,8.607186227e-05,0.02552286996,0.1813269266
51060.0,25.58234816,5.33462739e-05,0.009804270603,0.1815632029
51120.0,75.36390183,1.594423518e-05,0.0008758192606,0.1817566282
51180.0,56.44967473,3.472087694e-05,0.004153253883,0.1819287792
51240.0,23.67236775,7.820940818e-05,0.02107293889,0.1821595545
51300.0,34.34566871,1.393869133e-05,0.0006693466749,0.1823567432
51360.0,53.71822967,2.705776517e-05,0.002522266404,0.1825564169
51420.0,23.57183594,8.224187556e-05,0.02330199585,0.1827696992
51480.0,51.80327545,1.059542766e-05,0.0003867622603,0.1829829082
51540.0,73.48249017,7.105288385e-05,0.01739284103,0.1831820617
51600.0,74.76968133,5.411162213e-05,0.01008760841,0.1834264035
51660.0,48.04736221,2.923608258e-05,0.002944729916,0.1836376554
51720.0,54.8934272,6.184594098e-05,0.01317739341,0.183871473
51780.0,64.33329819,1.077459166e-05,0.0003999528068,0.1840464278
51840.0,71.85694016,1.075577639e-05,0.0003985571811,0.1842663519
51900.0,73.36692211,4.030611754e-05,0.005596919271,0.1844523625
51960.0,37.62952971,8.556170568e-05,0.02522121336,0.1846654535
52020.0,60.85840431,6.540972071e-05,0.01473980365,0.1848911631
52080.0,45.11698756,4.880309129e-05,0.008205438081,0.1851075848
52140.0,57.74833754,3.79271156e-05,0.004955719757,0.1852877385
52200.0,34.27791315,7.708128715e-05,0.02046939586,0.1854943466
52260.0,79.85774754,7.742483198e-05,0.02065226323,0.1856943417
52320.0,58.89944042,3.108723799e-05,0.00332944147,0.1858833957
52380.0,64.62781927,4.36470477e-05,0.006563218384,0.1860974801
52440.0,64.46419994,8.843018515e-05,0.02694065667,0.1862721397
52500.0,61.17283812,9.064011386e-05,0.02830401159,0.1864435578
52560.0,25.62229113,3.899487108e-05,0.005238682602,0.1866479311
52620.0,30.92622799,6.412978396e-05,0.01416859095,0.186814472
52680.0,50.5248229,4.455137572e-05,0.006838003949,0.1870345718
52740.0,60.40641956,9.46385166e-05,0.0308562367,0.1872344729
52800.0,75.04884575,2.361598483e-05,0.001921406391,0.1874633583
52860.0,57.91646449,5.087674131e-05,0.008917552649,0.1876380393
52920.0,42.76330309,9.788694205e-05,0.03301084426,0.1878707256
52980.0,41.51025937,7.36467844e-05,0.01868592869,0.1880907413
53040.0,67.23683301,9.827107118e-05,0.03327043572,0.1883167196
53100.0,38.37488653,2.216946668e-05,0.001693236415,0.1885229214
53160.0,60.87061819,6.458922522e-05,0.01437233259,0.1887437268
53220.0,30.30342289,5.499990682e-05,0.0104215188,0.1889408462
53280.0,21.58196951,7.965022752e-05,0.02185652681,0.1891782132
53340.0,40.09389809,8.802309511e-05,0.02669318396,0.1894278092
53400.0,22.02272537,1.248741458e-05,0.0005372199965,0.1896560269
53460.0,43.80584413,4.435595649e-05,0.006778147357,0.189902056
53520.0,54.40166277,1.847564701e-05,0.001175997561,0.1901240876
53580.0,36.89832829,4.831323779e-05,0.008041543127,0.1903618153
53640.0,74.6673069,7.109841058e-05,0.0174151369,0.190573836
53700.0,28.85408311,4.162578176e-05,0.005969416952,0.1907818183
53760.0,41.14630618,2.837680283e-05,0.002774176151,0.1909978766
53820.0,26.12086679,2.300457211e-05,0.001823204685,0.1911921909
53880.0,48.85982496,6.645473031e-05,0.01521454287,0.191414091
53940.0,70.1936884,8.084361005e-05,0.0225163767,0.1916215229
54000.0,48.5755983,7.043259159e-05,0.0170904873,0.1918491851
54060.0,79.18576347,8.744606891e-05,0.02634436229,0.1920926933
54120.0,44.95522806,2.838597346e-05,0.002775969521,0.1923135557
54180.0,65.52889998,2.846920328e-05,0.002792272091,0.19251832
54240.0,38.3470623,2.705406949e-05,0.002521577443,0.1927262239
54300.0,61.806448,1.481226347e-05,0.0007558749719,0.1929322344
54360.0,22.32872731,6.920862262e-05,0.01650165567,0.1931161963
54420.0,53.10869443,4.794203893e-05,0.00791844873,0.1933788338
54480.0,62.77927872,4.886970559e-05,0.008227853569,0.1935941789
54540.0,53.10094552,6.905483785e-05,0.01642840226,0.1937995967
54600.0,37.4525946,7.502786511e-05,0.01939332549,0.1940239107
54660.0,68.01723021,4.965843537e-05,0.008495582704,0.1942497022
54720.0,60.76339585,7.311085864e-05,0.01841496414,0.1944227869
54780.0,68.32422258,6.664586016e-05,0.01530218555,0.1945934742
54840.0,60.96463453,3.97368059e-05,0.005439926334,0.1948045536
54900.0,32.64198494,5.875021563e-05,0.01189120972,0.1950245152
54960.0,48.08146777,7.323147789e-05,0.01847577676,0.1952592611
55020.0,24.17295488,4.684582805e-05,0.007560472682,0.195467606
55080.0,70.20325923,4.786060479e-05,0.007891571089,0.1956754061
55140.0,78.22680124,2.871437252e-05,0.002840571787,0.1958873914
55200.0,22.61474188,9.11793232e-05,0.02864176895,0.1961002792
55260.0,23.58849982,9.81758467e-05,0.03320598899,0.1963464622
55320.0,67.9641632,2.264719904e-05,0.001766998182,0.1965763944
55380.0,76.95152093,6.986624874e-05,0.01681674583,0.1968015854
55440.0,50.30182646,5.833490303e-05,0.01172368306,0.1969953145
55500.0,77.92704197,7.833034569e-05,0.02113816069,0.197204521
55560.0,75.82819125,1.705406978e-05,0.001001989521,0.1974187243
55620.0,73.11864975,8.459489675e-05,0.02465445678,0.197602262
55680.0,44.1453101,3.391948744e-05,0.003963744665,0.1978443488
55740.0,22.05557283,4.502144563e-05,0.00698306333,0.1980433565
55800.0,30.90478041,2.336325441e-05,0.001880501937,0.1982238259
55860.0,33.57212886,3.162635648e-05,0.003445921918,0.1984178084
55920.0,58.8471872,2.882800362e-05,0.002863098204,0.1986413175
55980.0,41.61246251,6.975894675e-05,0.0167651305,0.198852915
56040.0,57.0182788,8.177525104e-05,0.02303832395,0.199081237
56100.0,73.65402057,3.259483638e-05,0.003660199179,0.1992918654
56160.0,26.40645274,4.824828541e-05,0.008019935539,0.1994856998
56220.0,47.36474425,7.425448635e-05,0.01899557766,0.1996626074
56280.0,79.85636813,1.268961949e-05,0.0005547589376,0.1998413108
56340.0,71.6889572,2.172828314e-05,0.001626514474,0.2000184075
56400.0,56.29041961,8.587249793e-05,0.02540477197,0.2002485006
56460.0,30.64401106,9.177190884e-05,0.0290152715,0.2004175185
56520.0,47.53293955,9.151912387e-05,0.028855647,0.2006283907
56580.0,44.07085425,9.609992325e-05,0.03181655768,0.2008620544
56640.0,34.50663459,5.541140638e-05,0.01057804608,0.2010921522
56700.0,45.88708869,9.648770845e-05,0.03207384994,0.2012751872
56760.0,72.01812624,4.954753585e-05,0.008457679619,0.2014870706
56820.0,78.51004261,4.892450782e-05,0.008246317258,0.2017133336
56880.0,67.13067428,9.907116255e-05,0.03381439543,0.2019156133
56940.0,66.57372076,8.108858565e-05,0.02265304354,0.2021324065
57000.0,64.4436674,7.891721856e-05,0.0214560933,0.2023634636
57060.0,64.21363032,4.846474273e-05,0.008092056976,0.2025788195
57120.0,27.12697687,3.816339783e-05,0.005017659399,0.2027897559
57180.0,38.2948746,6.61757237e-05,0.01508705618,0.2029825008
57240.0,56.92960341,4.87226191e-05,0.008178400239,0.2031927168
57300.0,63.03294504,4.012911028e-05,0.005547868652,0.203416493
57360.0,34.90883715,2.245600809e-05,0.001737289604,0.2036311446
57420.0,28.28836111,8.67101442e-05,0.02590281272,0.2038028316
57480.0,31.3266341,8.894628103e-05,0.0272560362,0.2040330354
57540.0,47.16173485,9.460731654e-05,0.03083589493,0.2042921621
57600.0,56.59983648,7.805958998e-05,0.02099228143,0.2045269089
57660.0,40.42624255,1.920627634e-05,0.001270847547,0.2047241515
57720.0,50.07971192,3.886614887e-05,0.005204153865,0.2049227459
57780.0,28.67938865,5.827507702e-05,0.01169964869,0.2051394762
57840.0,70.42168659,8.342099953e-05,0.02397495976,0.2053407707
57900.0,56.55978724,9.334872663e-05,0.03002091362,0.2055214965
57960.0,52.7731518,8.963472602e-05,0.02767959296,0.2057453841
58020.0,73.91585875,6.079836076e-05,0.01273476246,0.2059645686
58080.0,75.49604768,5.413820668e-05,0.01009752275,0.2062002305
58140.0,75.69183651,9.864798831e-05,0.03352614162,0.2064068945
58200.0,69.78845106,6.626797419e-05,0.01512914891,0.2066328603
58260.0,27.17511936,4.574196832e-05,0.007208365613,0.2068845968
58320.0,49.32834502,9.558462963e-05,0.03147626783,0.2071143817
58380.0,24.95225526,9.165826904e-05,0.02894345763,0.2072866089
58440.0,50.57400064,9.616529963e-05,0.03185986175,0.2075195704
58500.0,39.80813135,7.080448034e-05,0.01727144158,0.2076860574
58560.0,57.78271545,6.854483509e-05,0.01618663525,0.2079089894
58620.0,75.21900532,1.017754613e-05,0.0003568562172,0.2081703678
58680.0,28.8782661,7.001999797e-05,0.01689084188,0.2084096574
58740.0,63.59135143,7.32278649e-05,0.01847395374,0.2086048881
58800.0,78.71020798,2.740949516e-05,0.002588267636,0.2088188598
58860.0,63.13383775,6.167504621e-05,0.0131046696,0.2090594463
58920.0,33.82693064,4.774595453e-05,0.007853807798,0.2092615111
58980.0,64.71859329,1.748382423e-05,0.00105312512,0.2094726522
59040.0,20.99435852,7.370540857e-05,0.0187156892,0.2096914686
59100.0,21.18790522,9.816131094e-05,0.03319615687,0.2099038403
59160.0,31.32810311,4.841333457e-05,0.008074899054,0.2101040745
59220.0,63.44143508,7.698987862e-05,0.02042087648,0.2103303698
59280.0,47.40913768,2.013962978e-05,0.001397365685,0.2105053224
59340.0,32.80336417,4.163101669e-05,0.005970918493,0.2107154567
59400.0,75.91916573,8.790551803e-05,0.0266219206,0.2108950841
59460.0,74.45935078,6.365788095e-05,0.01396083724,0.2111084807
59520.0,69.44311585,8.230242524e-05,0.02333632017,0.2113576515
59580.0,44.13886823,7.276162761e-05,0.0182394576,0.2115767082
59640.0,79.14799151,2.734172549e-05,0.002575484533,0.2117980249
59700.0,55.95648068,8.046958622e-05,0.02230851414,0.2120130837
59760.0,48.06353041,8.237973173e-05,0.02338018026,0.2122128662
59820.0,42.28296921,7.415778199e-05,0.01894613259,0.212405473
59880.0,61.61406372,1.486365575e-05,0.0007611292026,0.2126088025
59940.0,78.41934603,7.298724646e-05,0.01835274658,0.2128180144
60000.0,70.88085721,7.4670705e-05,0.0192091263,0.2130160351
60060.0,60.72706159,1.838527609e-05,0.001164521257,0.213260425
60120.0,49.0883672,7.478039144e-05,0.01926560168,0.2135166026
60180.0,28.74223203,9.642245637e-05,0.03203048322,0.2137452419
60240.0,23.99628235,7.160724353e-05,0.01766530015,0.2139522595
60300.0,52.40153175,2.212266962e-05,0.001686095525,0.2141679939
60360.0,36.38677233,8.604913519e-05,0.02550939323,0.214346114
60420.0,66.04995966,1.363777101e-05,0.0006407577928,0.214565304
60480.0,69.79658645,5.838086054e-05,0.01174216269,0.2147874201
60540.0,38.80517282,8.402469368e-05,0.02432321532,0.2150201262
60600.0,52.9146589,9.849971392e-05,0.03342543338,0.2152489256
60660.0,60.8205043,4.519114087e-05,0.007035803788,0.2154446779
60720.0,33.52969401,8.927863809e-05,0.0274601068,0.2156787143
60780.0,66.10389812,7.319774945e-05,0.01845876179,0.2158913142
60840.0,49.6889772,9.815139874e-05,0.03318945299,0.2161065277
60900.0,20.24929878,5.256329316e-05,0.009518581697,0.2163383697
60960.0,37.93223607,7.443844525e-05,0.01908981396,0.2165424767
61020.0,52.10976654,8.407841033e-05,0.02435432473,0.216777848
61080.0,42.65159076,6.621122982e-05,0.01510325023,0.2169881767
61140.0,74.28185532,9.104295578e-05,0.02855616,0.217247315
61200.0,40.07528042,8.140955211e-05,0.02283272991,0.2174740028
61260.0,50.25757014,6.51455139e-05,0.01462096836,0.2176813259
61320.0,38.48954665,4.641761709e-05,0.007422886018,0.2178844614
61380.0,65.65785187,4.884796523e-05,0.008220534651,0.2181249345
61440.0,36.19891667,8.691947725e-05,0.02602803128,0.2183495221
61500.0,38.6807245,9.732515542e-05,0.03263302401,0.2185541461
61560.0,66.60912211,9.505354906e-05,0.03112746709,0.2187523924
61620.0,49.03150465,2.342483709e-05,0.001890428548,0.2189655912
61680.0,69.09251698,5.966593115e-05,0.01226478541,0.2191704541
61740.0,68.5531822,8.291860335e-05,0.02368705484,0.2193912491
61800.0,31.16321389,2.355334683e-05,0.0019112274,0.2195754974
61860.0,59.92205699,1.273738745e-05,0.0005589433939,0.2198118554
61920.0,31.96570769,9.780079989e-05,0.03295276963,0.220038215
61980.0,23.17838462,4.941850385e-05,0.008413685892,0.2202414408
62040.0,62.11763286,2.267811421e-05,0.001771825652,0.2204318868
62100.0,67.0360669,3.597077893e-05,0.00445765849,0.2206616073
62160.0,46.66814429,5.909586398e-05,0.01203154172,0.2208688419
62220.0,22.5798436,7.269858179e-05,0.01820786338,0.2210701467
62280.0,69.72176379,8.89050698e-05,0.02723078513,0.2212866287
62340.0,23.86699267,5.830412061e-05,0.01171131352,0.2214846291
62400.0,52.32606683,4.305498568e-05,0.00638636898,0.2216801244
62460.0,60.59070634,2.308827993e-05,0.001836497186,0.2218779508
62520.0,33.32919244,8.731661878e-05,0.02626642266,0.2221144331
62580.0,55.90236213,1.989987375e-05,0.001364293314,0.2223431667
62640.0,73.05464912,4.515959722e-05,0.007025985162,0.2225370779
62700.0,44.50790634,7.660043846e-05,0.02021480795,0.2227271371
62760.0,46.3953329,5.225595839e-05,0.009407597828,0.2229515817
62820.0,74.83748072,6.000539442e-05,0.01240474092,0.2231538124
62880.0,65.95562793,5.768053652e-05,0.01146213954,0.2233683973
62940.0,66.89226528,4.908479925e-05,0.008300440619,0.2235857785
63000.0,78.87147574,2.3421035e-05,0.001889814926,0.223832309
63060.0,33.88058457,4.382665985e-05,0.006617346179,0.2240554962
63120.0,46.03837488,2.065040059e-05,0.001469143,0.224269542
63180.0,44.07015658,1.757749017e-05,0.001064439142,0.2244862833
63240.0,67.30084012,5.377701734e-05,0.009963238597,0.224717888
63300.0,41.24793266,7.227500531e-05,0.01799630617,0.2249524835
63360.0,51.2725449,3.873521265e-05,0.005169148367,0.225171174
63420.0,42.94495581,8.366898533e-05,0.02411771246,0.225416539
63480.0,24.58680503,5.082589976e-05,0.008899738784,0.2256509735
63540.0,27.38299366,7.379271274e-05,0.01876005298,0.2258592343
63600.0,34.66875766,3.176803447e-05,0.003476864768,0.2260738694
63660.0,48.98120406,4.321663792e-05,0.006434414935,0.2262877581
63720.0,27.62800964,6.683828211e-05,0.01539067498,0.2265324251
63780.0,30.63609729,8.706427972e-05,0.0261148257,0.2267528841
63840.0,64.83098469,6.746835296e-05,0.01568221217,0.2269715723
63900.0,40.27530745,1.269676481e-05,0.0005553838648,0.2271837145
63960.0,71.53477941,2.098719514e-05,0.00151745531,0.2273836778
64020.0,38.28749919,2.981609241e-05,0.003062728925,0.2276201515
64080.0,63.75165777,1.176258808e-05,0.0004766645841,0.2278227174
64140.0,55.75443879,1.284035808e-05,0.000568017059,0.228011447
64200.0,28.30637289,1.697853983e-05,0.0009931338488,0.2282205855
64260.0,68.23446576,2.290878368e-05,0.00180805306,0.2283965727
64320.0,41.32863649,1.234257577e-05,0.0005248300734,0.2285607144
64380.0,56.38781714,1.637113194e-05,0.0009233461147,0.2287577071
64440.0,49.73223854,8.699411288e-05,0.02607274974,0.2289810362
64500.0,53.52415854,3.242348232e-05,0.003621816326,0.2291499181
64560.0,53.56953062,9.739571875e-05,0.03268036079,0.2293439834
64620.0,51.30561316,9.644778878e-05,0.03204731573,0.2296119896
64680.0,49.88327212,6.356278013e-05,0.0139191552,0.2298159535
64740.0,46.68870158,4.57749028e-05,0.007218749478,0.2300023626
64800.0,74.0692334,6.028044341e-05,0.01251872171,0.2302228432
64860.0,77.18080238,6.455119319e-05,0.01435541187,0.2304523303
64920.0,33.96134688,9.080873691e-05,0.02840942073,0.2306080379
64980.0,37.02318594,1.07055898e-05,0.0003948465119,0.2308462566
65040.0,48.12778687,6.23173526e-05,0.01337904452,0.231075805
65100.0,52.43358235,6.25243832e-05,0.01346808786,0.2312635058
65160.0,33.65500906,2.607359936e-05,0.002342119686,0.2314813361
65220.0,52.9652564,5.445588264e-05,0.01021637233,0.2317265779
65280.0,64.08551226,1.083428944e-05,0.0004043970471,0.2319590226
65340.0,42.32808423,5.250981151e-05,0.009499221779,0.232198372
65400.0,24.2249751,5.747908499e-05,0.01138221541,0.2324207868
65460.0,73.4211407,6.184485547e-05,0.01317693084,0.2326467009
65520.0,65.97530501,3.948599366e-05,0.005371471201,0.2328274113
65580.0,22.13266166,3.419743003e-05,0.004028970133,0.2330504715
65640.0,77.23982015,3.660091056e-05,0.004615203852,0.2332523937
65700.0,74.06870339,8.285677987e-05,0.02365174623,0.2334516582
65760.0,79.6372487,6.827880957e-05,0.01606123698,0.2336540487
65820.0,66.92383252,7.356930875e-05,0.01864663456,0.2338501252
65880.0,69.64731505,6.155764351e-05,0.0130548258,0.2340572932
65940.0,43.99282067,4.799013758e-05,0.007934345332,0.2343003631
66000.0,77.72248837,9.129088368e-05,0.02871189986,0.2345046935
66060.0,26.62571966,3.635807297e-05,0.004554165641,0.2347364185
66120.0,62.81881225,1.396576298e-05,0.0006719492027,0.2349447935
66180.0,22.59361615,6.12702009e-05,0.01293319177,0.2351672865
66240.0,74.17472114,5.614591577e-05,0.01086034066,0.2353523685
66300.0,21.39593616,9.978719686e-05,0.03430494715,0.2356188692
66360.0,26.12303329,4.22117693e-05,0.006138669055,0.2358287553
66420.0,35.02122259,3.721578259e-05,0.004771571331,0.2360258999
66480.0,40.49757539,4.739939707e-05,0.007740209995,0.2362317956
66540.0,63.77041245,3.335996803e-05,0.00383405519,0.2364380446
66600.0,23.23664216,6.205680231e-05,0.01326740221,0.2366443563
66660.0,54.30598804,1.237872661e-05,0.0005279089824,0.2368578615
66720.0,20.62807655,3.02172723e-05,0.003145702337,0.2370956913
66780.0,40.55397137,3.05636076e-05,0.003218224516,0.2373338389
66840.0,53.51686862,2.934461126e-05,0.002966633045,0.2375529263
66900.0,45.05059631,6.600346659e-05,0.01500861442,0.2377861934
66960.0,39.37370853,3.782639368e-05,0.004929433193,0.2380058317
67020.0,40.71439741,8.133198627e-05,0.02278924125,0.2382129259
67080.0,66.62802229,2.987959432e-05,0.003075788735,0.2384274874
67140.0,23.61369951,7.500660965e-05,0.01938233875,0.2386530576
67200.0,54.66588507,1.104026726e-05,0.0004199197314,0.2388429803
67260.0,71.90374613,9.271645643e-05,0.02961561518,0.239050361
67320.0,34.43531225,7.952275549e-05,0.02178662453,0.2392541611
67380.0,56.09405991,8.996192174e-05,0.02788204071,0.2394447217
67440.0,58.56953199,9.645947363e-05,0.03205508139,0.2396792537
67500.0,41.60048176,3.527295934e-05,0.004286382311,0.2399065733
67560.0,31.49822678,4.915509167e-05,0.008324231112,0.2401185083
67620.0,59.02589744,6.180088867e-05,0.01315820199,0.2403153254
67680.0,57.83610238,4.979405074e-05,0.008542048317,0.2405022417
67740.0,79.12776327,5.504106541e-05,0.0104371223,0.2407341971
67800.0,29.51060927,7.113074498e-05,0.01743098074,0.2409262674
67860.0,67.81389268,8.202112037e-05,0.02317706844,0.241112238
67920.0,70.54598053,7.924032477e-05,0.02163214584,0.2413190627
67980.0,72.35933789,2.532516223e-05,0.002209589416,0.2415199795
68040.0,36.9785821,5.950435154e-05,0.01219844752,0.2417301304
68100.0,46.24986604,8.504770772e-05,0.02491909891,0.2419495884
68160.0,45.51135336,6.161241201e-05,0.01307806617,0.2422036516
68220.0,22.11390218,5.088851029e-05,0.008921678802,0.2423857678
68280.0,78.82243627,7.469106155e-05,0.01921960122,0.2426330593
68340.0,22.21562235,9.657118224e-05,0.03212936963,0.2428229739
68400.0,66.70325305,4.48567831e-05,0.006932076688,0.2430308308
68460.0,34.79496048,5.405087527e-05,0.01006497199,0.2432258841
68520.0,29.7135653,8.917882118e-05,0.02739873823,0.2434316821
68580.0,70.06810904,6.048937586e-05,0.01260565206,0.2436394502
68640.0,40.63805019,5.2494114e-05,0.009493543151,0.2438369762
68700.0,38.24060119,4.100499249e-05,0.005792693927,0.2440803017
68760.0,44.49605349,7.371530517e-05,0.01872071554,0.2443159206
68820.0,32.10512375,7.609826938e-05,0.01995063251,0.2445386395
68880.0,34.3008972,2.961748284e-05,0.003022062206,0.2447195101
68940.0,40.39987174,6.717535819e-05,0.01554630165,0.2448951477
69000.0,62.11118953,7.807046358e-05,0.02099813024,0.2451286632
69060.0,61.86837196,4.161308907e-05,0.005965777073,0.2453443311
69120.0,30.2457836,3.286962118e-05,0.003722172588,0.2455521318
69180.0,47.35085934,9.613672325e-05,0.03184092967,0.2457485643
69240.0,60.30583631,2.760262731e-05,0.002624870922,0.2459392348
69300.0,61.50629927,1.761100388e-05,0.001068501987,0.2461481813
69360.0,25.91764133,8.751499577e-05,0.02638590904,0.2463501998
69420.0,36.52495622,4.961368142e-05,0.008480276563,0.2465773602
69480.0,49.56170317,3.082636149e-05,0.003273796216,0.2468108386
69540.0,57.60813462,9.912664089e-05,0.03385227713,0.2470073884
69600.0,25.64674984,2.017277007e-05,0.001401968273,0.2471931297
69660.0,23.30778025,6.232556361e-05,0.01338257043,0.2473987263
69720.0,24.95113941,7.517526372e-05,0.01946960001,0.2475778067
69780.0,25.09539674,5.09942889e-05,0.008958807166,0.2477995349
69840.0,36.04671094,9.739585593e-05,0.03268045285,0.2480221365
69900.0,35.63395165,8.258725859e-05,0.02349812498,0.2482199786
69960.0,24.52956803,5.344532235e-05,0.009840711739,0.24841626
70020.0,66.80147131,5.902075397e-05,0.01200097732,0.2486563485
70080.0,20.46064986,8.188165305e-05,0.02309831566,0.2488674311
70140.0,71.60032773,2.080167764e-05,0.001490746617,0.2491019818
70200.0,63.08798565,7.407310916e-05,0.01890289217,0.2492742049
70260.0,31.4733941,5.099561281e-05,0.008959272348,0.2494910276
70320.0,20.16353902,8.42126412e-05,0.02443214998,0.2497017183
70380.0,40.54001874,9.101269899e-05,0.02853718271,0.2499178385
70440.0,20.43294546,7.535402485e-05,0.01956230459,0.2500844154
70500.0,23.82192279,8.635942911e-05,0.02569369912,0.2503004063
70560.0,45.95538596,6.018158411e-05,0.01247769423,0.2505149992
70620.0,36.2698951,1.104629653e-05,0.0004203785069,0.2507371277
70680.0,48.56065401,8.500602249e-05,0.02489467723,0.2509126193
70740.0,44.11853842,2.920677665e-05,0.002938829346,0.2511308018
70800.0,72.92926732,4.892642391e-05,0.008246963193,0.251344831
70860.0,76.31219363,1.049186315e-05,0.0003792384329,0.2515437121
70920.0,53.08676041,7.18797397e-05,0.01780000401,0.2517588739
70980.0,37.27811738,5.27949261e-05,0.009602658433,0.2520050595
71040.0,60.58264686,6.853782543e-05,0.0161833248,0.2522388076
71100.0,62.23098527,9.993364153e-05,0.03440571083,0.252466226
71160.0,58.2420761,7.042719385e-05,0.01708786788,0.2527048548
71220.0,27.17070588,1.338595403e-05,0.0006173134892,0.2529186193
71280.0,78.36069972,1.887374704e-05,0.001227222669,0.2531215083
71340.0,24.65537188,4.830460079e-05,0.008038668196,0.2533283126
71400.0,20.85051172,6.455485365e-05,0.01435704,0.2535317168
71460.0,78.05946723,9.068940597e-05,0.02833480466,0.2537469467
71520.0,48.19941088,1.229019028e-05,0.0005203844643,0.2539467617
71580.0,73.52305584,6.248556654e-05,0.01345137042,0.2541803438
71640.0,55.63373582,9.128690534e-05,0.02870939746,0.2543774127
71700.0,76.52398382,8.757099228e-05,0.02641968591,0.2546225005
71760.0,22.20660531,8.012608278e-05,0.02211846232,0.2548187343
71820.0,76.60578063,7.183793783e-05,0.01777930674,0.2550292572
71880.0,27.17394807,5.951135773e-05,0.01220132024,0.2552412312
71940.0,58.94041779,1.81736853e-05,0.001137871227,0.2554568828
72000.0,40.65196165,3.317240722e-05,0.003791063726,0.2556595099
72060.0,75.35109025,3.656630553e-05,0.004606480912,0.2558611394
72120.0,57.43500628,5.67628017e-05,0.01110030099,0.2560292249
72180.0,34.47665284,9.104238346e-05,0.02855580098,0.2562708806
72240.0,56.97473052,7.299671804e-05,0.01835751018,0.256499348
72300.0,25.22352368,6.414095922e-05,0.01417352942,0.2567246709
72360.0,55.32298051,4.151872674e-05,0.005938751616,0.2569658781
72420.0,28.16816966,9.560045302e-05,0.03148669006,0.2571316711
72480.0,69.46947747,3.513429723e-05,0.004252748016,0.2573170187
72540.0,47.52104974,1.539488746e-05,0.0008165074383,0.2575542698
72600.0,30.94565562,6.644154033e-05,0.01520850389,0.2577756595
72660.0,33.15522637,3.38099164e-05,0.003938177644,0.2579382757
72720.0,38.92966397,7.68202392e-05,0.02033098495,0.2581310168
72780.0,21.88424953,3.14371408e-05,0.003404812408,0.2583191533
72840.0,51.75914072,1.209216321e-05,0.0005037500579,0.2585362909
72900.0,52.03654727,3.679762921e-05,0.004664947778,0.2587103202
72960.0,75.49108077,1.002592762e-05,0.0003463029876,0.2589243764
73020.0,45.00661795,3.785155432e-05,0.004935993106,0.2591305144
73080.0,60.63725805,3.458723028e-05,0.004121342233,0.2593180461
73140.0,28.99990041,6.216472412e-05,0.01331358851,0.2595445048
73200.0,67.08928067,6.61429574e-05,0.01507211945,0.2597502322
73260.0,47.7391901,6.76072982e-05,0.015746871,0.2599622456
73320.0,74.59012515,7.056393685e-05,0.01715428867,0.2601481519
73380.0,28.66977162,5.760299864e-05,0.01143134397,0.2603643688
73440.0,60.06593178,9.791708446e-05,0.03303117751,0.2605705622
73500.0,77.0488177,3.000275497e-05,0.00310119717,0.2607714675
73560.0,33.3745438,2.542573046e-05,0.002227173169,0.2609671528
73620.0,26.08084331,7.775740937e-05,0.02083006736,0.2612044868
73680.0,60.19799469,3.603401613e-05,0.004473345537,0.2614454363
73740.0,54.88146784,4.399171714e-05,0.006667283728,0.2616545834
73800.0,49.10068302,4.126637262e-05,0.005866778602,0.2618764449
73860.0,77.55441777,6.77410411e-05,0.01580923454,0.2620804214
73920.0,74.41073018,3.825999916e-05,0.00504309351,0.2623129863
73980.0,29.98916791,6.069871215e-05,0.01269305208,0.2625298569
74040.0,61.01085579,4.622440444e-05,0.007361219321,0.2627183753
74100.0,55.70469646,2.450674929e-05,0.002069085916,0.2628950874
74160.0,61.93534045,3.66768879e-05,0.004634384515,0.2631100969
74220.0,71.93039205,8.704600515e-05,0.02610386398,0.263338079
74280.0,23.75584926,1.654309881e-05,0.0009428461589,0.2635653128
74340.0,66.58730045,1.490865632e-05,0.0007657449039,0.2637621837
74400.0,45.28634571,6.165358216e-05,0.01309554985,0.2639943352
74460.0,75.91349573,7.93994277e-05,0.0217191014,0.2641952222
74520.0,42.83093128,5.368439703e-05,0.009928948724,0.2643936083
74580.0,27.78706358,9.306025836e-05,0.02983565774,0.2646042275
74640.0,46.14101849,3.734129581e-05,0.00480381062,0.2648527537
74700.0,75.20031169,4.789228421e-05,0.00790202157,0.2650777802
74760.0,45.13809532,5.219780097e-05,0.009386669413,0.2652895519
74820.0,60.89532894,2.632084154e-05,0.002386748453,0.2655017554
74880.0,36.27053161,7.593318289e-05,0.01986416517,0.2657151432
74940.0,58.24096204,4.471710249e-05,0.006888971987,0.2659426884
75000.0,23.09402874,6.65457246e-05,0.01525623695,0.2661355047
75060.0,73.62749592,2.23902906e-05,0.001727136129,0.2663600938
75120.0,64.34939461,2.689450668e-05,0.00249192102,0.266576286
75180.0,72.21590512,3.916027513e-05,0.005283218561,0.2667655031
75240.0,33.96135425,2.982954071e-05,0.003065492385,0.266986778
75300.0,25.01580175,9.504616736e-05,0.03112263266,0.2672078579
75360.0,59.3794425,7.207361034e-05,0.01789615215,0.267426379
75420.0,52.72815826,2.401221618e-05,0.001986422372,0.2676237601
75480.0,37.5077832,3.520875388e-05,0.004270791975,0.2678296808
75540.0,58.55295425,5.835908894e-05,0.01173340646,0.268032463
75600.0,43.26246801,9.037152919e-05,0.02813651929,0.2682704135
75660.0,63.96978197,8.139446645e-05,0.02282426862,0.2685110744
75720.0,60.23037463,3.569274503e-05,0.004389014421,0.2686727082
75780.0,44.62488457,8.43432512e-05,0.02450799508,0.2688824606
75840.0,23.88911374,1.530424694e-05,0.0008069210365,0.2691037441
75900.0,62.41339899,7.446504889e-05,0.01910346146,0.2692933141
75960.0,37.91321314,9.309165301e-05,0.02985579175,0.2695157429
76020.0,48.51976525,7.164747914e-05,0.01768515775,0.2697299364
76080.0,76.16668148,3.800524036e-05,0.004976157019,0.2699346141
76140.0,58.68535126,9.499363833e-05,0.03108824117,0.2701472663
76200.0,34.76069641,1.028845603e-05,0.0003646762837,0.2703492666
76260.0,52.38441642,8.767606253e-05,0.02648312217,0.2705758617
76320.0,39.64656189,9.14471662e-05,0.02881028885,0.2707696401
76380.0,34.03126571,8.642657128e-05,0.02573366699,0.2709696999
76440.0,54.25040305,5.010780378e-05,0.008650034604,0.2712191012
76500.0,20.72732831,1.190054709e-05,0.0004879113973,0.2714127868
76560.0,27.75126626,6.26445741e-05,0.01351991716,0.2716083123
76620.0,65.14194884,4.013066287e-05,0.005548297953,0.2718325181
76680.0,72.18635377,4.641644128e-05,0.007422509965,0.2720418478
76740.0,47.5748325,6.274374132e-05,0.01356275547,0.2722491597
76800.0,21.17808688,3.421316839e-05,0.004032679416,0.2723959177
76860.0,69.98305267,2.704942518e-05,0.002520711773,0.2725882476
76920.0,28.57997877,1.68433787e-05,0.0009773846977,0.2728193763
76980.0,58.83889817,1.843345713e-05,0.001170632818,0.2730637593
77040.0,39.95099618,2.392491023e-05,0.001972003777,0.2732568948
77100.0,21.59970373,8.978414513e-05,0.02777195242,0.2734496702
77160.0,25.93663461,6.154968345e-05,0.01305144976,0.2736783362
77220.0,69.95342869,5.748987958e-05,0.01138649098,0.2738664328
77280.0,51.49658971,6.588414499e-05,0.01495439808,0.2741026395
77340.0,23.71673088,1.812159571e-05,0.001131357819,0.274277564
77400.0,72.58689394,2.651796973e-05,0.002422633117,0.274463709
77460.0,32.56016592,8.869877244e-05,0.02710455787,0.2746754706
77520.0,23.53676543,5.478754057e-05,0.0103411948,0.2749143536
77580.0,60.44414543,8.865068787e-05,0.02707517848,0.275138177
77640.0,33.56859637,8.45839459e-05,0.02464807413,0.2753682144
77700.0,34.84057816,7.611027342e-05,0.01995692719,0.2755767367
77760.0,20.67267012,3.085533261e-05,0.003279952643,0.2757665067
77820.0,58.10495484,5.465846353e-05,0.0102925254,0.2759695541
77880.0,65.38190217,2.513983557e-05,0.002177368694,0.276184422
77940.0,72.89374788,1.398648547e-05,0.000673944767,0.2764130309
78000.0,29.48181702,6.004347754e-05,0.01242049154,0.2766457781
78060.0,26.83054065,9.027945605e-05,0.0280792159,0.2768402895
78120.0,42.31718284,8.959347657e-05,0.0276541228,0.277045739
78180.0,72.00064342,1.787929503e-05,0.001101305708,0.2772695333
78240.0,71.11169354,8.982325542e-05,0.0277961528,0.2774821339
78300.0,49.14395871,1.229120483e-05,0.0005204703824,0.2776940841
78360.0,39.92432426,1.518594105e-05,0.0007944938285,0.2778881109
78420.0,71.98579349,3.054868413e-05,0.003215082523,0.2780801966
78480.0,45.04298063,6.284797314e-05,0.01360785463,0.2782671061
78540.0,75.81775483,4.276033688e-05,0.006299257254,0.2785040383
78600.0,50.76359241,6.797706233e-05,0.01591959054,0.2787285166
78660.0,46.26645064,9.810772175e-05,0.03315992121,0.278976594
78720.0,24.38801823,8.394014565e-05,0.02427429053,0.2791943154
78780.0,48.98747144,8.300368986e-05,0.02373569248,0.2793921827
78840.0,37.39286217,6.629009394e-05,0.01513925059,0.27959807
78900.0,44.54409202,6.425119803e-05,0.01422229126,0.2798162347
78960.0,43.34469012,8.89382073e-05,0.02725108831,0.2800194454
79020.0,32.39616791,3.693485814e-05,0.004699806517,0.2802365777
79080.0,73.55860508,2.085035625e-05,0.00149773186,0.2804347578
79140.0,73.34680593,5.131253205e-05,0.009070975629,0.2806376164
79200.0,70.81678017,5.202214716e-05,0.009323600472,0.280854378
79260.0,40.14527361,4.789535992e-05,0.00790303656,0.2810751552
79320.0,78.59235889,2.794592957e-05,0.002690569588,0.2813157455
79380.0,45.28807262,1.738755033e-05,0.001041559078,0.2815505172
79440.0,59.33425622,3.315362637e-05,0.003786772254,0.2817678658
79500.0,25.14641192,3.423084769e-05,0.004036848182,0.2820110364
79560.0,66.55161741,9.145196663e-05,0.02881331367,0.2821959144
79620.0,33.72664387,1.48829398e-05,0.0007631054559,0.282413589
79680.0,62.40355791,7.58025315e-05,0.01979586702,0.2826415392
79740.0,48.93506239,7.46792247e-05,0.01921350996,0.2828880935
79800.0,54.84864055,4.762421348e-05,0.007813808103,0.2830645448
79860.0,65.40550238,9.865666225e-05,0.03353203766,0.2832784227
79920.0,40.07189577,9.365497463e-05,0.0302182152,0.2834962478
79980.0,33.59931698,5.444000181e-05,0.01021041444,0.2837091322
80040.0,65.36363578,7.600980257e-05,0.01990427291,0.2839350978
80100.0,46.2985314,9.195633576e-05,0.02913200818,0.2841507427
80160.0,23.4729065,7.642571121e-05,0.02012269231,0.2843829652
80220.0,43.02023016,4.353678086e-05,0.006530098561,0.2845696682
80280.0,63.83475391,1.007637476e-05,0.0003497967192,0.284801313
80340.0,77.50091898,6.072942148e-05,0.01270589894,0.2850171469
80400.0,71.70836034,5.937646624e-05,0.01214607065,0.2851993118
80460.0,28.23308874,9.946528096e-05,0.03408396699,0.2854599824
80520.0,78.28021295,1.866434698e-05,0.001200142202,0.2856352018
80580.0,25.31097948,2.433456019e-05,0.002040112476,0.2857954168
80640.0,26.57378056,7.971641271e-05,0.02189286517,0.2860563307
80700.0,72.12886752,2.936748718e-05,0.002971260192,0.2862689333
80760.0,33.59410415,2.32915485e-05,0.001868976472,0.2864704576
80820.0,28.39098354,1.008982472e-05,0.0003507311602,0.2866711831
80880.0,54.13418204,5.692202072e-05,0.01116266077,0.2868628238
80940.0,37.04363729,9.581678464e-05,0.03162935201,0.2871149742
81000.0,62.80639146,6.39419169e-05,0.01408569927,0.2873323817
81060.0,79.75768682,6.633071992e-05,0.0151578125,0.2875807652
81120.0,69.56856176,4.73996786e-05,0.00774030194,0.2877813257
81180.0,30.87451918,8.497910197e-05,0.02487891196,0.2880054319
81240.0,39.05850547,8.628394728e-05,0.02564880396,0.288222951
81300.0,23.50079886,9.637080724e-05,0.03199617786,0.2884663412
81360.0,66.92542239,9.292981937e-05,0.02975207736,0.2886657375
81420.0,60.05002748,8.003474453e-05,0.02206806399,0.2888740097
81480.0,61.18323317,6.616475853e-05,0.01508205681,0.2890777877
81540.0,34.45813211,1.151574974e-05,0.0004568688465,0.2892947144
81600.0,36.01149995,7.146944837e-05,0.01759737824,0.2894895999
81660.0,29.47311712,7.235051799e-05,0.01803393077,0.2897431766
81720.0,38.93475267,8.256647121e-05,0.02348629741,0.2899954516
81780.0,26.8307078,7.281876824e-05,0.0182681162,0.290185208
81840.0,29.87141148,6.223892402e-05,0.01334538972,0.2904430059
81900.0,71.25155203,3.845366873e-05,0.005094278336,0.2906602136
81960.0,49.90937071,4.862730024e-05,0.008146431792,0.2908764749
82020.0,73.19307681,6.508427629e-05,0.01459349349,0.2911272572
82080.0,37.25237315,1.119430812e-05,0.0004317194568,0.2913064586
82140.0,75.79122249,5.628372356e-05,0.01091371859,0.2915329719
82200.0,25.60771635,4.528173991e-05,0.007064042776,0.2917399453
82260.0,27.8548728,5.834423823e-05,0.01172743559,0.2919596537
82320.0,73.24503206,6.247237169e-05,0.01344569006,0.2921658229
82380.0,37.8556447,9.290863012e-05,0.02973851116,0.2924027806
82440.0,21.41162433,8.163777443e-05,0.02296092722,0.2926133728
82500.0,58.82546438,6.424386019e-05,0.01421904292,0.2928270986
82560.0,73.530832,2.178775336e-05,0.001635430185,0.2930196784
82620.0,76.09105023,5.304991979e-05,0.009695642013,0.2932125659
82680.0,35.96474045,1.716269133e-05,0.001014794004,0.2934372994
82740.0,24.09084742,4.428657196e-05,0.006756958287,0.2936584004
82800.0,20.44162099,7.422627098e-05,0.01898114445,0.2938687562
82860.0,20.14077762,4.234147478e-05,0.006176451991,0.2940713794
82920.0,25.91508696,2.225646696e-05,0.001706552125,0.2943025396
82980.0,21.82534153,5.903837786e-05,0.01200814549,0.2945161529
83040.0,32.73661055,4.048351384e-05,0.005646294291,0.2947060964
83100.0,34.73206288,7.07229342e-05,0.01723168115,0.2949376887
83160.0,73.37296406,4.426805088e-05,0.006751307818,0.2951413779
83220.0,24.48233773,8.228568187e-05,0.02332682618,0.295344167
83280.0,57.06197285,6.69222607e-05,0.01542937433,0.2955175199
83340.0,53.25336038,8.940052774e-05,0.02753513903,0.2957641393
83400.0,78.7783631,8.021413314e-05,0.02216710088,0.2959972844
83460.0,78.54172052,7.498511427e-05,0.01937123117,0.2962019213
83520.0,58.70092475,4.964188529e-05,0.008489920863,0.2964180089
83580.0,38.10670133,8.892473507e-05,0.02724283303,0.296595407
83640.0,60.07574356,7.413271038e-05,0.01893332396,0.2967721886
83700.0,76.56267294,3.118106236e-05,0.003349568968,0.2969700062
83760.0,21.48719185,5.647974553e-05,0.01098987041,0.2972299642
83820.0,39.69984691,1.408983523e-05,0.0006839414699,0.2974046659
83880.0,34.23237519,2.274289675e-05,0.001781962942,0.2975820274
83940.0,28.27894677,8.545233369e-05,0.02515677492,0.2978113217
84000.0,59.3550865,4.363935484e-05,0.006560905031,0.2980189143
84060.0,78.06438344,8.944503227e-05,0.02756256042,0.2982554915
84120.0,25.26194449,6.18864753e-05,0.01319467221,0.2984704094
84180.0,22.80231044,2.929771544e-05,0.002957158628,0.2986834199
84240.0,22.00210045,3.050969857e-05,0.003206881723,0.2988808836
84300.0,65.06816503,3.511386664e-05,0.00424780351,0.2990441204
84360.0,37.42096113,5.440446519e-05,0.01019708876,0.2992757421
84420.0,44.72253449,7.353180132e-05,0.01862762639,0.299484718
84480.0,41.91463563,9.161329418e-05,0.02891506066,0.2997172349
84540.0,36.72350779,9.679409817e-05,0.03227786972,0.2999436566
84600.0,21.3674524,5.450390883e-05,0.01023440049,0.3001507564
84660.0,66.29379677,5.726548777e-05,0.01129777801,0.3003437044
84720.0,62.91244488,3.415757487e-05,0.004019584534,0.300550376
84780.0,38.64681372,3.676554832e-05,0.004656817341,0.300759142
84840.0,32.44128664,1.268946751e-05,0.0005547456496,0.3009511437
84900.0,66.07014722,2.828350942e-05,0.002755965014,0.3011599128
84960.0,39.92517289,1.641312208e-05,0.0009280887499,0.3013593297
85020.0,57.29702026,6.069836176e-05,0.01269290554,0.3016127644
85080.0,48.86617086,4.236293965e-05,0.006182715842,0.3018028053
85140.0,68.3236122,5.298011602e-05,0.009670143496,0.3020106077
85200.0,28.42649092,9.146819086e-05,0.02882353795,0.3022771779
85260.0,21.92438079,7.792632905e-05,0.02092066786,0.3025068979
85320.0,42.55868863,3.116011538e-05,0.003345070095,0.3027173362
85380.0,35.07918893,7.260925317e-05,0.01816314493,0.3029454712
85440.0,36.27296859,3.429401367e-05,0.004051760272,0.3031473431
85500.0,52.83810164,8.788736352e-05,0.02661092566,0.3033589317
85560.0,58.5953658,4.343623149e-05,0.006499970515,0.303586788
85620.0,22.67128727,2.910307962e-05,0.002917998092,0.3038141432
85680.0,42.04601481,9.673053211e-05,0.03223548897,0.3040374073
85740.0,47.17801054,3.838878393e-05,0.005077101179,0.3041954231
85800.0,79.64284047,3.328779927e-05,0.003817484449,0.3044277953
85860.0,69.72497501,2.136117697e-05,0.001572017819,0.3046195181
85920.0,26.58288526,2.993894298e-05,0.003088019505,0.3047925929
85980.0,49.74033587,8.944137599e-05,0.02756030709,0.3050420167
86040.0,44.88864753,2.857576255e-05,0.002813213972,0.3052717656
86100.0,34.53546039,8.951563507e-05,0.02760609022,0.305474273
86160.0,42.1861841,2.053402484e-05,0.001452630888,0.3056943311
86220.0,39.65882808,6.125635276e-05,0.01292734618,0.3058959284
86280.0,46.15060617,2.369096068e-05,0.001933625891,0.3061099472
86340.0,68.64264118,8.469522948e-05,0.02471297369,0.3063400852
